,,,,,,,Playing Time,,,,Performance,,,,,,,,Per 90 Minutes,,,,,
Rk,Player,Pos,Squad,Age,Club,Born,MP,Starts,Min,90s,Gls,Ast,G+A,G-PK,PK,PKatt,CrdY,CrdR,Gls,Ast,G+A,G-PK,G+A-PK,Matches
1,Brenden Aaronson,"FW,MF",us USA,21,1.eng Leeds United,2000,4,0,108,1.2,0,0,0,0,0,0,0,0,0,0,0,0,0,Matches
2,Ali Abdi,MF,tn Tunisia,28,2.fr Caen,1993,3,2,188,2.1,0,0,0,0,0,0,1,0,0,0,0,0,0,Matches
3,Salis Abdul Samed,MF,gh Ghana,22,1.fr Lens,2000,3,3,250,2.8,0,0,0,0,0,0,0,0,0,0,0,0,0,Matches
4,Saud Abdulhamid,"DF,MF",sa Saudi Arabia,22,1.sa Al-Hilal,1999,3,3,270,3,0,0,0,0,0,0,1,0,0,0,0,0,0,Matches
5,Nawaf Al Abed,"FW,MF",sa Saudi Arabia,32,1.sa Al-Shabab,1990,2,0,88,1,0,0,0,0,0,0,1,0,0,0,0,0,0,Matches
6,Pape Abou Cissé,DF,sn Senegal,26,1.gr Olympiacos,1995,3,1,105,1.2,0,0,0,0,0,0,0,0,0,0,0,0,0,Matches
7,Vincent Aboubakar,FW,cm Cameroon,30,1.sa Al-Nassr,1992,3,1,142,1.6,2,1,3,2,0,0,2,1,1.27,0.63,1.9,1.27,1.9,Matches
8,Abdulrahman Al-Aboud,MF,sa Saudi Arabia,27,1.sa Al-Ittihad,1995,2,0,35,0.4,0,0,0,0,0,0,0,0,0,0,0,0,0,Matches
9,Zakaria Aboukhlal,"FW,MF",ma Morocco,22,1.fr Toulouse,2000,4,0,79,0.9,1,0,1,1,0,0,0,0,1.14,0,1.14,1.14,1.14,Matches
10,Kellyn Acosta,"DF,MF",us USA,26,1.us LAFC,1995,2,0,43,0.5,0,0,0,0,0,0,1,0,0,0,0,0,0,Matches
11,Marcos Acuña,"DF,MF",ar Argentina,30,1.es Sevilla,1991,6,4,373,4.1,0,0,0,0,0,0,3,0,0,0,0,0,0,Matches
12,Tyler Adams,MF,us USA,23,1.eng Leeds United,1999,4,4,360,4,0,0,0,0,0,0,1,0,0,0,0,0,0,Matches
13,Sam Adekugbe,DF,ca Canada,27,1.tr Hatayspor,1995,3,1,95,1.1,0,0,0,0,0,0,1,0,0,0,0,0,0,Matches
14,Michel Aebischer,MF,ch Switzerland,25,1.it Bologna,1997,1,0,16,0.2,0,0,0,0,0,0,0,0,0,0,0,0,0,Matches
15,Akram Afif,FW,qa Qatar,25,1.qa Al Sadd,1996,3,3,270,3,0,0,0,0,0,0,1,0,0,0,0,0,0,Matches
16,Nayef Aguerd,DF,ma Morocco,26,1.eng West Ham,1996,4,4,353,3.9,0,0,0,0,0,0,0,0,0,0,0,0,0,Matches
17,Brandon Aguilera,MF,cr Costa Rica,18,1.cr Asociación Deportiva Guanacasteca,2003,3,1,90,1,0,0,0,0,0,0,0,0,0,0,0,0,0,Matches
18,Homam Ahmed,"DF,MF",qa Qatar,22,1.qa Al-Gharafa Sports Club,1999,3,3,262,2.9,0,0,0,0,0,0,1,0,0,0,0,0,0,Matches
19,Manuel Akanji,DF,ch Switzerland,26,1.eng Manchester City,1995,4,4,360,4,1,0,1,1,0,0,1,0,0.25,0,0.25,0.25,0.25,Matches
20,Nathan Aké,DF,nl Netherlands,27,1.eng Manchester City,1995,5,5,479,5.3,0,0,0,0,0,0,1,0,0,0,0,0,0,Matches
21,Ahmed Alaaeldin,FW,qa Qatar,29,1.qa Al-Gharafa Sports Club,1993,1,0,6,0.1,0,0,0,0,0,0,0,0,0,0,0,0,0,Matches
22,Jordi Alba,DF,es Spain,33,1.es Barcelona,1989,4,3,264,2.9,0,2,2,0,0,0,0,0,0,0.68,0.68,0,0.68,Matches
23,Toby Alderweireld,DF,be Belgium,33,1.be Antwerp,1989,3,3,270,3,0,1,1,0,0,0,0,0,0,0.33,0.33,0,0.33,Matches
24,Trent Alexander-Arnold,"DF,MF",eng England,23,1.eng Liverpool,1998,1,0,34,0.4,0,0,0,0,0,0,0,0,0,0,0,0,0,Matches
25,Almoez Ali,FW,qa Qatar,25,1.qa Al Duhail SC,1996,3,3,224,2.5,0,0,0,0,0,0,1,0,0,0,0,0,0,Matches
Rk,Player,Pos,Squad,Age,Club,Born,MP,Starts,Min,90s,Gls,Ast,G+A,G-PK,PK,PKatt,CrdY,CrdR,Gls,Ast,G+A,G-PK,G+A-PK,Matches
26,Alisson,GK,br Brazil,29,1.eng Liverpool,1992,4,4,379,4.2,0,0,0,0,0,0,0,0,0,0,0,0,0,Matches
27,Joe Allen,MF,wls Wales,32,2.eng Swansea City,1990,2,1,94,1,0,0,0,0,0,0,0,0,0,0,0,0,0,Matches
28,Thiago Almada,"FW,MF",ar Argentina,21,1.us Atlanta Utd,2001,1,0,7,0.1,0,0,0,0,0,0,0,0,0,0,0,0,0,Matches
29,Roberto Alvarado,"FW,MF",mx Mexico,23,1.mx Guadalajara,1998,1,0,18,0.2,0,0,0,0,0,0,1,0,0,0,0,0,0,Matches
30,Edson Álvarez,MF,mx Mexico,24,1.nl Ajax,1997,2,2,175,1.9,0,0,0,0,0,0,1,0,0,0,0,0,0,Matches
31,Julián Álvarez,FW,ar Argentina,22,1.eng Manchester City,2000,7,5,464,5.2,4,0,4,4,0,0,0,0,0.78,0,0.78,0.78,0.78,Matches
32,Kevin Álvarez,DF,mx Mexico,23,1.mx Pachuca,1999,2,1,70,0.8,0,0,0,0,0,0,0,0,0,0,0,0,0,Matches
33,Dani Alves,DF,br Brazil,39,1.mx UNAM,1983,2,1,118,1.3,0,0,0,0,0,0,0,0,0,0,0,0,0,Matches
34,Selim Amallah,MF,ma Morocco,25,1.be Standard Liège,1996,7,4,409,4.5,0,0,0,0,0,0,1,0,0,0,0,0,0,Matches
35,Daniel Amartey,DF,gh Ghana,27,1.eng Leicester City,1994,3,3,251,2.8,0,0,0,0,0,0,2,0,0,0,0,0,0,Matches
36,Ethan Ampadu,MF,wls Wales,21,1.it Spezia,2000,3,3,255,2.8,0,0,0,0,0,0,0,0,0,0,0,0,0,Matches
37,Sofyan Amrabat,MF,ma Morocco,25,1.it Fiorentina,1996,7,7,660,7.3,0,0,0,0,0,0,1,0,0,0,0,0,0,Matches
38,Abdulelah Al-Amri,DF,sa Saudi Arabia,25,1.sa Al-Nassr,1997,3,2,182,2,0,0,0,0,0,0,2,0,0,0,0,0,0,Matches
39,Joachim Andersen,DF,dk Denmark,26,1.eng Crystal Palace,1996,3,3,270,3,0,1,1,0,0,0,0,0,0,0.33,0.33,0,0.33,Matches
40,Frank Anguissa,MF,cm Cameroon,26,1.it Napoli,1995,3,3,260,2.9,0,1,1,0,0,0,0,0,0,0.35,0.35,0,0.35,Matches
41,Karim Ansarifard,FW,ir IR Iran,32,1.cy AC Omonia,1990,2,0,35,0.4,0,0,0,0,0,0,0,0,0,0,0,0,0,Matches
42,Antony,MF,br Brazil,22,1.eng Manchester Utd,2000,4,1,172,1.9,0,0,0,0,0,0,0,0,0,0,0,0,0,Matches
43,Uriel Antuna,"FW,MF",mx Mexico,24,1.mx Cruz Azul,1997,3,0,77,0.9,0,0,0,0,0,0,0,0,0,0,0,0,0,Matches
44,Néstor Araujo,DF,mx Mexico,30,1.mx América,1991,1,1,90,1,0,0,0,0,0,0,1,0,0,0,0,0,0,Matches
45,Giorgian de Arrascaeta,MF,uy Uruguay,28,1.br Flamengo,1994,2,1,108,1.2,2,0,2,2,0,0,0,0,1.67,0,1.67,1.67,1.67,Matches
46,Takuma Asano,"FW,MF",jp Japan,27,1.de Bochum,1994,4,0,165,1.8,1,0,1,1,0,0,0,0,0.55,0,0.55,0.55,0.55,Matches
47,Marco Asensio,FW,es Spain,26,1.es Real Madrid,1996,4,3,229,2.5,1,0,1,1,0,0,0,0,0.39,0,0.39,0.39,0.39,Matches
48,Ali Assadalla,"FW,MF",qa Qatar,29,1.qa Al Sadd,1993,1,0,27,0.3,0,0,0,0,0,0,0,0,0,0,0,0,0,Matches
49,Lawrence Ati-Zigi,GK,gh Ghana,25,1.ch St. Gallen,1996,3,3,270,3,0,0,0,0,0,0,0,0,0,0,0,0,0,Matches
50,Nathaniel Atkinson,DF,au Australia,23,1.sct Hearts,1999,1,1,84,0.9,0,0,0,0,0,0,0,0,0,0,0,0,0,Matches
Rk,Player,Pos,Squad,Age,Club,Born,MP,Starts,Min,90s,Gls,Ast,G+A,G-PK,PK,PKatt,CrdY,CrdR,Gls,Ast,G+A,G-PK,G+A-PK,Matches
51,Yahya Attiat Allah,DF,ma Morocco,27,1.ma Wydad AC,1995,6,2,318,3.5,0,1,1,0,0,0,0,0,0,0.28,0.28,0,0.28,Matches
52,André Ayew,"MF,FW",gh Ghana,32,1.qa Al Sadd,1989,3,3,198,2.2,1,0,1,1,0,1,1,0,0.45,0,0.45,0.45,0.45,Matches
53,Jordan Ayew,MF,gh Ghana,30,1.eng Crystal Palace,1991,3,2,136,1.5,0,1,1,0,0,0,0,0,0,0.66,0.66,0,0.66,Matches
54,Sardar Azmoun,FW,ir IR Iran,27,1.de Leverkusen,1995,3,2,126,1.4,0,0,0,0,0,0,0,0,0,0,0,0,0,Matches
55,César Azpilicueta,DF,es Spain,32,1.eng Chelsea,1989,2,2,135,1.5,0,1,1,0,0,0,0,0,0,0.67,0.67,0,0.67,Matches
56,Sr?an Babi?,DF,rs Serbia,26,1.es Almería,1996,1,0,13,0.1,0,0,0,0,0,0,0,0,0,0,0,0,0,Matches
57,Keanu Baccus,MF,au Australia,24,1.sct St Mirren,1998,4,1,114,1.3,0,0,0,0,0,0,0,0,0,0,0,0,0,Matches
58,Alexander Bah,"DF,MF",dk Denmark,24,1.pt Benfica,1997,2,0,46,0.5,0,0,0,0,0,0,0,0,0,0,0,0,0,Matches
59,Hattan Bahebri,"FW,MF",sa Saudi Arabia,29,1.sa Al-Shabab,1992,2,0,4,0,0,1,1,0,0,0,1,0,0,22.5,22.5,0,22.5,Matches
60,Alejandro Balde,DF,es Spain,18,1.es Barcelona,2003,4,1,126,1.4,0,0,0,0,0,0,0,0,0,0,0,0,0,Matches
61,Gareth Bale,"FW,MF",wls Wales,32,1.us LAFC,1989,3,3,225,2.5,1,0,1,0,1,1,1,0,0.4,0,0.4,0,0,Matches
62,Fodé Ballo-Touré,"DF,MF",sn Senegal,25,1.it Milan,1997,1,0,7,0.1,0,0,0,0,0,0,0,0,0,0,0,0,0,Matches
63,Badr Banoun,DF,ma Morocco,28,1.qa Qatar SC,1993,3,0,54,0.6,0,0,0,0,0,0,0,0,0,0,0,0,0,Matches
64,Borna Bariši?,DF,hr Croatia,29,1.sct Rangers,1992,1,1,120,1.3,0,0,0,0,0,0,1,0,0,0,0,0,0,Matches
65,Meshaal Barsham,GK,qa Qatar,24,1.qa Al Sadd,1998,2,2,180,2,0,0,0,0,0,0,0,0,0,0,0,0,0,Matches
66,Christian Bassogog,"FW,MF",cm Cameroon,26,1.cn Shanghai Shen,1995,1,0,24,0.3,0,0,0,0,0,0,1,0,0,0,0,0,0,Matches
67,Michy Batshuayi,FW,be Belgium,28,1.tr Fenerbahçe,1993,2,2,151,1.7,1,0,1,1,0,0,0,0,0.6,0,0.6,0.6,0.6,Matches
68,Jan Bednarek,DF,pl Poland,26,1.eng Aston Villa,1996,1,0,5,0.1,0,0,0,0,0,0,0,0,0,0,0,0,0,Matches
69,Aziz Behich,DF,au Australia,31,1.sct Dundee United,1990,4,4,360,4,0,0,0,0,0,0,1,0,0,0,0,0,0,Matches
70,Alireza Beiranvand,GK,ir IR Iran,29,1.ir Persepolis,1992,2,2,109,1.2,0,0,0,0,0,0,0,0,0,0,0,0,0,Matches
71,Jude Bellingham,MF,eng England,18,1.de Dortmund,2003,5,5,414,4.6,1,1,2,1,0,0,0,0,0.22,0.22,0.43,0.22,0.43,Matches
72,Anis Ben Slimane,FW,tn Tunisia,21,1.dk Brøndby,2001,2,2,148,1.6,0,0,0,0,0,0,0,0,0,0,0,0,0,Matches
73,Jewison Bennette,MF,cr Costa Rica,17,2.eng Sunderland,2004,3,1,103,1.1,0,0,0,0,0,0,0,0,0,0,0,0,0,Matches
74,Rodrigo Bentancur,MF,uy Uruguay,24,1.eng Tottenham,1997,3,3,213,2.4,0,0,0,0,0,0,1,0,0,0,0,0,0,Matches
75,Bartosz Bereszy?ski,DF,pl Poland,29,1.it Sampdoria,1992,4,4,341,3.8,0,0,0,0,0,0,1,0,0,0,0,0,0,Matches
Rk,Player,Pos,Squad,Age,Club,Born,MP,Starts,Min,90s,Gls,Ast,G+A,G-PK,PK,PKatt,CrdY,CrdR,Gls,Ast,G+A,G-PK,G+A-PK,Matches
76,Steven Berghuis,MF,nl Netherlands,30,1.nl Ajax,1991,4,1,200,2.2,0,1,1,0,0,0,1,0,0,0.45,0.45,0,0.45,Matches
77,Steven Bergwijn,FW,nl Netherlands,24,1.nl Ajax,1997,4,3,213,2.4,0,0,0,0,0,0,1,0,0,0,0,0,0,Matches
78,Krystian Bielik,MF,pl Poland,24,3.eng Derby County,1998,4,2,216,2.4,0,0,0,0,0,0,0,0,0,0,0,0,0,Matches
79,Daley Blind,MF,nl Netherlands,32,1.nl Ajax,1990,5,5,423,4.7,1,1,2,1,0,0,0,0,0.21,0.21,0.43,0.21,0.43,Matches
80,Celso Borges,MF,cr Costa Rica,34,1.cr Alajuelense,1988,3,3,249,2.8,0,0,0,0,0,0,1,0,0,0,0,0,0,Matches
81,Milan Borjan,GK,ca Canada,34,1.rs Red Star,1987,3,3,270,3,0,0,0,0,0,0,0,0,0,0,0,0,0,Matches
82,Karim Boudiaf,MF,qa Qatar,31,1.qa Al Duhail SC,1990,3,2,185,2.1,0,0,0,0,0,0,1,0,0,0,0,0,0,Matches
83,Sofiane Boufal,"FW,MF",ma Morocco,28,1.fr Angers,1993,7,7,475,5.3,0,0,0,0,0,0,1,0,0,0,0,0,0,Matches
84,Yassine Bounou,GK,ma Morocco,31,1.es Sevilla,1991,6,6,570,6.3,0,0,0,0,0,0,0,0,0,0,0,0,0,Matches
85,Martin Braithwaite,FW,dk Denmark,31,1.es Espanyol,1991,2,1,103,1.1,0,0,0,0,0,0,0,0,0,0,0,0,0,Matches
86,Mohammed Al-Breik,DF,sa Saudi Arabia,29,1.sa Al-Hilal,1992,2,1,65,0.7,0,0,0,0,0,0,0,0,0,0,0,0,0,Matches
87,Gleison Bremer,DF,br Brazil,25,1.it Juventus,1997,2,1,109,1.2,0,0,0,0,0,0,0,0,0,0,0,0,0,Matches
88,Dylan Bronn,DF,tn Tunisia,26,1.it Salernitana,1995,2,2,162,1.8,0,0,0,0,0,0,0,0,0,0,0,0,0,Matches
89,Marcelo Brozovi?,MF,hr Croatia,29,1.it Inter,1992,6,6,552,6.1,0,0,0,0,0,0,1,0,0,0,0,0,0,Matches
90,Tajon Buchanan,"MF,FW",ca Canada,23,1.be Club Brugge,1999,3,3,260,2.9,0,1,1,0,0,0,1,0,0,0.35,0.35,0,0.35,Matches
91,Ante Budimir,FW,hr Croatia,30,1.es Osasuna,1991,2,0,55,0.6,0,0,0,0,0,0,0,0,0,0,0,0,0,Matches
92,Osman Bukari,"FW,MF",gh Ghana,23,1.rs Red Star,1998,2,0,59,0.7,1,0,1,1,0,0,0,0,1.53,0,1.53,1.53,1.53,Matches
93,Ali Al-Bulaihi,DF,sa Saudi Arabia,32,1.sa Al-Hilal,1989,3,3,216,2.4,0,0,0,0,0,0,1,0,0,0,0,0,0,Matches
94,Firas Al-Buraikan,FW,sa Saudi Arabia,22,1.sa Al-Fateh,2000,3,3,268,3,0,1,1,0,0,0,0,0,0,0.34,0.34,0,0.34,Matches
95,Sergio Busquets,MF,es Spain,33,1.es Barcelona,1988,4,4,363,4,0,0,0,0,0,0,1,0,0,0,0,0,0,Matches
96,Martín Cáceres,DF,uy Uruguay,35,1.us LA Galaxy,1987,1,1,90,1,0,0,0,0,0,0,1,0,0,0,0,0,0,Matches
97,Moisés Caicedo,MF,ec Ecuador,20,1.eng Brighton,2001,3,3,269,3,1,0,1,1,0,0,1,0,0.33,0,0.33,0.33,0.33,Matches
98,Francisco Calvo,DF,cr Costa Rica,29,1.tr Konyaspor,1992,2,2,180,2,0,0,0,0,0,0,2,0,0,0,0,0,0,Matches
99,Eduardo Camavinga,DF,fr France,19,1.es Real Madrid,2002,2,1,140,1.6,0,0,0,0,0,0,0,0,0,0,0,0,0,Matches
100,Joel Campbell,"MF,FW",cr Costa Rica,29,1.mx León,1992,3,3,269,3,0,0,0,0,0,0,1,0,0,0,0,0,0,Matches
Rk,Player,Pos,Squad,Age,Club,Born,MP,Starts,Min,90s,Gls,Ast,G+A,G-PK,PK,PKatt,CrdY,CrdR,Gls,Ast,G+A,G-PK,G+A-PK,Matches
101,João Cancelo,DF,pt Portugal,28,1.eng Manchester City,1994,4,3,310,3.4,0,0,0,0,0,0,0,0,0,0,0,0,0,Matches
102,Agustín Canobbio,"FW,MF",uy Uruguay,23,1.br Athletico–PR,1998,1,0,11,0.1,0,0,0,0,0,0,0,0,0,0,0,0,0,Matches
103,Yannick Carrasco,"MF,FW",be Belgium,28,1.es Atlético Madrid,1993,2,2,116,1.3,0,0,0,0,0,0,1,0,0,0,0,0,0,Matches
104,Cameron Carter-Vickers,DF,us USA,24,1.sct Celtic,1997,1,1,90,1,0,0,0,0,0,0,0,0,0,0,0,0,0,Matches
105,Dani Carvajal,DF,es Spain,30,1.es Real Madrid,1992,2,1,135,1.5,0,0,0,0,0,0,0,0,0,0,0,0,0,Matches
106,William Carvalho,MF,pt Portugal,30,1.es Real Betis,1992,4,2,215,2.4,0,0,0,0,0,0,0,0,0,0,0,0,0,Matches
107,Casemiro,MF,br Brazil,30,1.eng Manchester Utd,1992,4,4,390,4.3,1,0,1,1,0,0,1,0,0.23,0,0.23,0.23,0.23,Matches
108,Matty Cash,DF,pl Poland,24,1.eng Aston Villa,1997,4,4,360,4,0,0,0,0,0,0,2,0,0,0,0,0,0,Matches
109,Timothy Castagne,"MF,DF",be Belgium,26,1.eng Leicester City,1995,3,3,270,3,0,0,0,0,0,0,0,0,0,0,0,0,0,Matches
110,Jean-Charles Castelletto,DF,cm Cameroon,27,1.fr Nantes,1995,2,2,180,2,1,1,2,1,0,0,0,0,0.5,0.5,1,0.5,1,Matches
111,Lucas Cavallini,FW,ca Canada,29,1.us Vancouver,1992,1,0,19,0.2,0,0,0,0,0,0,0,0,0,0,0,0,0,Matches
112,Edinson Cavani,FW,uy Uruguay,35,1.es Valencia,1987,3,1,124,1.4,0,0,0,0,0,0,1,0,0,0,0,0,0,Matches
113,Ghaylène Chaalali,MF,tn Tunisia,28,1.tn Espérance Tunis,1994,1,0,17,0.2,0,0,0,0,0,0,0,0,0,0,0,0,0,Matches
114,Daniel Chacón,DF,cr Costa Rica,21,1.cr CS Cartaginés,2001,1,0,1,0,0,0,0,0,0,0,0,0,0,0,0,0,0,Matches
115,Ilias Chair,"FW,MF",ma Morocco,24,2.eng QPR,1997,1,0,45,0.5,0,0,0,0,0,0,0,0,0,0,0,0,0,Matches
116,Kwon Chang-hoon,MF,kr Korea Republic,27,1.kr Sangmu,1994,1,1,56,0.6,0,0,0,0,0,0,0,0,0,0,0,0,0,Matches
117,Luis Chávez,MF,mx Mexico,26,1.mx Pachuca,1996,3,3,270,3,1,0,1,1,0,0,0,0,0.33,0,0.33,0.33,0.33,Matches
118,Walid Cheddira,FW,ma Morocco,24,2.it Bari,1998,2,0,64,0.7,0,0,0,0,0,0,2,1,0,0,0,0,0,Matches
119,Rouzbeh Cheshmi,DF,ir IR Iran,28,1.ir Esteghlal,1993,2,1,58,0.6,1,0,1,1,0,0,0,0,1.55,0,1.55,1.55,1.55,Matches
120,Andreas Christensen,DF,dk Denmark,26,1.es Barcelona,1996,3,3,270,3,1,0,1,1,0,0,1,0,0.33,0,0.33,0.33,0.33,Matches
121,Hong Chul,"DF,MF",kr Korea Republic,31,1.kr Daegu FC,1990,1,0,45,0.5,0,0,0,0,0,0,0,0,0,0,0,0,0,Matches
122,José Cifuentes,MF,ec Ecuador,23,1.us LAFC,1999,2,0,59,0.7,0,0,0,0,0,0,0,0,0,0,0,0,0,Matches
123,Pathé Ciss,MF,sn Senegal,28,1.es Rayo Vallecano,1994,3,2,146,1.6,0,0,0,0,0,0,1,0,0,0,0,0,0,Matches
124,Sebastián Coates,DF,uy Uruguay,31,1.pt Sporting CP,1990,2,2,180,2,0,0,0,0,0,0,1,0,0,0,0,0,0,Matches
125,Rubin Colwill,MF,wls Wales,20,2.eng Cardiff City,2002,1,0,10,0.1,0,0,0,0,0,0,0,0,0,0,0,0,0,Matches
Rk,Player,Pos,Squad,Age,Club,Born,MP,Starts,Min,90s,Gls,Ast,G+A,G-PK,PK,PKatt,CrdY,CrdR,Gls,Ast,G+A,G-PK,G+A-PK,Matches
126,Kingsley Coman,FW,fr France,26,1.de Bayern Munich,1996,6,1,169,1.9,0,0,0,0,0,0,0,0,0,0,0,0,0,Matches
127,Eray Cömert,DF,ch Switzerland,24,1.es Valencia,1998,2,0,46,0.5,0,0,0,0,0,0,1,0,0,0,0,0,0,Matches
128,Anthony Contreras,FW,cr Costa Rica,22,1.cr Herediano,2000,3,2,125,1.4,0,0,0,0,0,0,1,0,0,0,0,0,0,Matches
129,Andreas Cornelius,FW,dk Denmark,29,1.dk FC Copenhagen,1993,3,1,92,1,0,0,0,0,0,0,1,0,0,0,0,0,0,Matches
130,Ángel Correa,"FW,MF",ar Argentina,27,1.es Atlético Madrid,1995,1,0,5,0.1,0,0,0,0,0,0,0,0,0,0,0,0,0,Matches
131,Diogo Costa,GK,pt Portugal,22,1.pt Porto,1999,5,5,450,5,0,0,0,0,0,0,0,0,0,0,0,0,0,Matches
132,Thibaut Courtois,GK,be Belgium,30,1.es Real Madrid,1992,3,3,270,3,0,0,0,0,0,0,0,0,0,0,0,0,0,Matches
133,Jason Cummings,FW,au Australia,26,1.au Central Coast,1995,1,0,35,0.4,0,0,0,0,0,0,0,0,0,0,0,0,0,Matches
134,Aymen Dahmen,GK,tn Tunisia,25,1.tn CS Sfaxien,1997,3,3,270,3,0,0,0,0,0,0,0,0,0,0,0,0,0,Matches
135,Diogo Dalot,DF,pt Portugal,23,1.eng Manchester Utd,1999,3,3,258,2.9,0,2,2,0,0,0,0,0,0,0.7,0.7,0,0.7,Matches
136,Mikkel Damsgaard,FW,dk Denmark,21,1.eng Brentford,2000,3,1,150,1.7,0,0,0,0,0,0,0,0,0,0,0,0,0,Matches
137,Danilo,DF,br Brazil,30,1.it Juventus,1991,3,3,281,3.1,0,0,0,0,0,0,1,0,0,0,0,0,0,Matches
138,Achraf Dari,DF,ma Morocco,23,1.fr Brest,1999,3,2,187,2.1,1,0,1,1,0,0,1,0,0.48,0,0.48,0.48,0.48,Matches
139,Jonathan David,FW,ca Canada,22,1.fr Lille,2000,3,2,192,2.1,0,0,0,0,0,0,0,0,0,0,0,0,0,Matches
140,Alphonso Davies,"MF,FW",ca Canada,21,1.de Bayern Munich,2000,3,3,270,3,1,0,1,1,0,1,1,0,0.33,0,0.33,0.33,0.33,Matches
141,Ben Davies,DF,wls Wales,29,1.eng Tottenham,1993,3,3,238,2.6,0,0,0,0,0,0,0,0,0,0,0,0,0,Matches
142,Nasser Al-Dawsari,"DF,MF",sa Saudi Arabia,23,1.sa Al-Hilal,1998,1,0,5,0.1,0,0,0,0,0,0,0,0,0,0,0,0,0,Matches
143,Salem Al-Dawsari,FW,sa Saudi Arabia,30,1.sa Al-Hilal,1991,3,3,270,3,2,0,2,2,0,1,1,0,0.67,0,0.67,0.67,0.67,Matches
144,Kevin De Bruyne,"FW,MF",be Belgium,30,1.eng Manchester City,1991,3,3,270,3,0,0,0,0,0,0,0,0,0,0,0,0,0,Matches
145,Charles De Ketelaere,"FW,MF",be Belgium,21,1.it Milan,2001,1,0,16,0.2,0,0,0,0,0,0,0,0,0,0,0,0,0,Matches
146,Nicolás De La Cruz,MF,uy Uruguay,25,1.ar River Plate,1997,2,0,38,0.4,0,0,0,0,0,0,0,0,0,0,0,0,0,Matches
147,Rodrigo De Paul,MF,ar Argentina,28,1.es Atlético Madrid,1994,7,7,599,6.7,0,0,0,0,0,0,0,0,0,0,0,0,0,Matches
148,Miloš Degenek,DF,au Australia,28,1.us Columbus Crew,1994,4,2,183,2,0,0,0,0,0,0,2,0,0,0,0,0,0,Matches
149,Thomas Delaney,MF,dk Denmark,30,1.es Sevilla,1991,1,1,44,0.5,0,0,0,0,0,0,0,0,0,0,0,0,0,Matches
150,Ousmane Dembélé,"MF,FW",fr France,25,1.es Barcelona,1997,7,6,433,4.8,0,2,2,0,0,0,1,0,0,0.42,0.42,0,0.42,Matches
Rk,Player,Pos,Squad,Age,Club,Born,MP,Starts,Min,90s,Gls,Ast,G+A,G-PK,PK,PKatt,CrdY,CrdR,Gls,Ast,G+A,G-PK,G+A-PK,Matches
151,Leander Dendoncker,DF,be Belgium,27,1.eng Aston Villa,1995,2,2,161,1.8,0,0,0,0,0,0,1,0,0,0,0,0,0,Matches
152,Sergiño Dest,DF,us USA,21,1.it Milan,2000,4,4,305,3.4,0,1,1,0,0,0,1,0,0,0.3,0.3,0,0.3,Matches
153,Ángel Di María,"MF,FW",ar Argentina,34,1.it Juventus,1988,5,4,288,3.2,1,1,2,1,0,0,0,0,0.31,0.31,0.62,0.31,0.62,Matches
154,Boulaye Dia,"FW,MF",sn Senegal,25,1.it Salernitana,1996,4,4,318,3.5,1,0,1,1,0,0,1,0,0.28,0,0.28,0.28,0.28,Matches
155,Abdou Diallo,DF,sn Senegal,26,1.de RB Leipzig,1996,4,4,331,3.7,0,0,0,0,0,0,0,0,0,0,0,0,0,Matches
156,Rúben Dias,DF,pt Portugal,25,1.eng Manchester City,1997,4,4,360,4,0,0,0,0,0,0,1,0,0,0,0,0,0,Matches
157,Krépin Diatta,"MF,FW",sn Senegal,23,1.fr Monaco,1999,3,3,181,2,0,0,0,0,0,0,0,0,0,0,0,0,0,Matches
158,Famara Diedhiou,FW,sn Senegal,29,1.tr Alanyaspor,1992,2,1,92,1,1,0,1,1,0,0,0,0,0.98,0,0.98,0.98,0.98,Matches
159,Bamba Dieng,FW,sn Senegal,22,1.fr Marseille,2000,4,0,100,1.1,1,0,1,1,0,0,0,0,0.9,0,0.9,0.9,0.9,Matches
160,Eric Dier,"DF,MF",eng England,28,1.eng Tottenham,1994,2,0,36,0.4,0,0,0,0,0,0,0,0,0,0,0,0,0,Matches
161,Axel Disasi,DF,fr France,24,1.fr Monaco,1998,3,1,92,1,0,0,0,0,0,0,0,0,0,0,0,0,0,Matches
162,Alexander Djiku,DF,gh Ghana,27,1.fr Strasbourg,1994,2,1,97,1.1,0,0,0,0,0,0,0,0,0,0,0,0,0,Matches
163,Ritsu Doan,"MF,FW",jp Japan,23,1.de Freiburg,1998,4,2,217,2.4,2,0,2,2,0,0,0,0,0.83,0,0.83,0.83,0.83,Matches
164,Jeremy Doku,"FW,MF",be Belgium,20,1.fr Rennes,2002,1,0,19,0.2,0,0,0,0,0,0,0,0,0,0,0,0,0,Matches
165,Kasper Dolberg,FW,dk Denmark,24,1.es Sevilla,1997,3,1,114,1.3,0,0,0,0,0,0,0,0,0,0,0,0,0,Matches
166,Mohamed Dräger,MF,tn Tunisia,25,1.ch Luzern,1996,2,2,132,1.5,0,0,0,0,0,0,0,0,0,0,0,0,0,Matches
167,Óscar Duarte,DF,cr Costa Rica,33,1.sa Al-Wehda,1989,3,3,270,3,0,0,0,0,0,0,1,0,0,0,0,0,0,Matches
168,Mitchell Duke,FW,au Australia,31,2.jp F. Okayama,1991,4,4,270,3,1,0,1,1,0,0,1,0,0.33,0,0.33,0.33,0.33,Matches
169,Denzel Dumfries,MF,nl Netherlands,26,1.it Inter,1996,5,5,479,5.3,1,2,3,1,0,0,2,1,0.19,0.38,0.56,0.19,0.56,Matches
170,Paulo Dybala,"FW,MF",ar Argentina,28,1.it Roma,1993,2,0,18,0.2,0,0,0,0,0,0,0,0,0,0,0,0,0,Matches
171,Enzo Ebosse,DF,cm Cameroon,23,1.it Udinese,1999,1,1,90,1,0,0,0,0,0,0,0,0,0,0,0,0,0,Matches
172,Nico Elvedi,DF,ch Switzerland,25,1.de Gladbach,1996,2,2,180,2,0,0,0,0,0,0,1,0,0,0,0,0,0,Matches
173,Breel Embolo,FW,ch Switzerland,25,1.fr Monaco,1997,4,4,323,3.6,2,0,2,2,0,0,0,0,0.56,0,0.56,0.56,0.56,Matches
174,Youssef En-Nesyri,FW,ma Morocco,25,1.es Sevilla,1997,7,7,542,6,2,0,2,2,0,0,0,0,0.33,0,0.33,0.33,0.33,Matches
175,Wataru Endo,MF,jp Japan,29,1.de Stuttgart,1993,4,3,304,3.4,0,0,0,0,0,0,1,0,0,0,0,0,0,Matches
Rk,Player,Pos,Squad,Age,Club,Born,MP,Starts,Min,90s,Gls,Ast,G+A,G-PK,PK,PKatt,CrdY,CrdR,Gls,Ast,G+A,G-PK,G+A-PK,Matches
176,Devis Epassy,GK,cm Cameroon,29,1.sa Abha,1993,2,2,180,2,0,0,0,0,0,0,0,0,0,0,0,0,0,Matches
177,Christian Eriksen,MF,dk Denmark,30,1.eng Manchester Utd,1992,3,3,270,3,0,0,0,0,0,0,0,0,0,0,0,0,0,Matches
178,Michael Estrada,FW,ec Ecuador,26,1.mx Cruz Azul,1996,3,3,225,2.5,0,0,0,0,0,0,0,0,0,0,0,0,0,Matches
179,Pervis Estupiñán,"DF,MF",ec Ecuador,24,1.eng Brighton,1998,3,3,270,3,0,0,0,0,0,0,0,0,0,0,0,0,0,Matches
180,Stephen Eustáquio,MF,ca Canada,25,1.pt Porto,1996,2,2,125,1.4,0,0,0,0,0,0,0,0,0,0,0,0,0,Matches
181,Saeid Ezatolahi,MF,ir IR Iran,25,2.dk Vejle BK,1996,3,2,217,2.4,0,0,0,0,0,0,0,0,0,0,0,0,0,Matches
182,Abde Ezzalzouli,"FW,MF",ma Morocco,20,1.es Osasuna,2001,3,0,93,1,0,0,0,0,0,0,0,0,0,0,0,0,0,Matches
183,Fabinho,MF,br Brazil,28,1.eng Liverpool,1993,1,1,90,1,0,0,0,0,0,0,0,0,0,0,0,0,0,Matches
184,Collins Fai,DF,cm Cameroon,29,1.sa Al-Ta'ee,1992,3,3,270,3,0,0,0,0,0,0,2,0,0,0,0,0,0,Matches
185,Salman Al-Faraj,MF,sa Saudi Arabia,32,1.sa Al-Hilal,1989,1,1,44,0.5,0,0,0,0,0,0,0,0,0,0,0,0,0,Matches
186,Christian Fassnacht,"FW,MF",ch Switzerland,28,1.ch Young Boys,1993,1,0,8,0.1,0,0,0,0,0,0,0,0,0,0,0,0,0,Matches
187,Abdul Fatawu Issahaku,"FW,MF",gh Ghana,18,1.pt Sporting CP,2004,1,0,1,0,0,0,0,0,0,0,0,0,0,0,0,0,0,Matches
188,Ansu Fati,"FW,MF",es Spain,19,1.es Barcelona,2002,2,0,46,0.5,0,0,0,0,0,0,0,0,0,0,0,0,0,Matches
189,João Félix,FW,pt Portugal,22,1.es Atlético Madrid,1999,4,4,331,3.7,1,2,3,1,0,0,1,0,0.27,0.54,0.82,0.27,0.82,Matches
190,Bruno Fernandes,FW,pt Portugal,27,1.eng Manchester Utd,1994,4,4,356,4,2,3,5,1,1,1,1,0,0.51,0.76,1.26,0.25,1.01,Matches
191,Edimilson Fernandes,MF,ch Switzerland,26,1.de Mainz 05,1996,3,1,145,1.6,0,0,0,0,0,0,0,0,0,0,0,0,0,Matches
192,Enzo Fernández,MF,ar Argentina,21,1.pt Benfica,2001,7,5,564,6.3,1,1,2,1,0,0,1,0,0.16,0.16,0.32,0.16,0.32,Matches
193,Jesús Ferreira,FW,us USA,21,1.us FC Dallas,2000,1,1,45,0.5,0,0,0,0,0,0,0,0,0,0,0,0,0,Matches
194,Phil Foden,"FW,MF",eng England,22,1.eng Manchester City,2000,4,3,258,2.9,1,2,3,1,0,0,0,0,0.35,0.7,1.05,0.35,1.05,Matches
195,Youssouf Fofana,MF,fr France,23,1.fr Monaco,1999,6,2,227,2.5,0,0,0,0,0,0,0,0,0,0,0,0,0,Matches
196,Juan Foyth,DF,ar Argentina,24,1.es Villarreal,1998,1,0,5,0.1,0,0,0,0,0,0,0,0,0,0,0,0,0,Matches
197,Alan Franco,MF,ec Ecuador,23,1.ar Talleres–C,1998,2,1,46,0.5,0,0,0,0,0,0,0,0,0,0,0,0,0,Matches
198,Przemys?aw Frankowski,MF,pl Poland,27,1.fr Lens,1995,4,3,240,2.7,0,0,0,0,0,0,1,0,0,0,0,0,0,Matches
199,Fred,MF,br Brazil,29,1.eng Manchester Utd,1993,4,2,142,1.6,0,0,0,0,0,0,1,0,0,0,0,0,0,Matches
200,Fabian Frei,"DF,MF",ch Switzerland,33,1.ch Basel,1989,2,0,25,0.3,0,0,0,0,0,0,0,0,0,0,0,0,0,Matches
Rk,Player,Pos,Squad,Age,Club,Born,MP,Starts,Min,90s,Gls,Ast,G+A,G-PK,PK,PKatt,CrdY,CrdR,Gls,Ast,G+A,G-PK,G+A-PK,Matches
201,Remo Freuler,MF,ch Switzerland,30,1.eng Nottingham,1992,4,4,323,3.6,1,0,1,1,0,0,0,0,0.28,0,0.28,0.28,0.28,Matches
202,Keysher Fuller,"DF,MF",cr Costa Rica,27,1.cr Herediano,1994,3,3,253,2.8,1,0,1,1,0,0,0,0,0.36,0,0.36,0.36,0.36,Matches
203,Niclas Füllkrug,FW,de Germany,29,1.de Werder Bremen,1993,3,0,69,0.8,2,1,3,2,0,0,0,0,2.61,1.3,3.91,2.61,3.91,Matches
204,Rogelio Funes Mori,FW,mx Mexico,31,1.mx Monterrey,1991,1,0,5,0.1,0,0,0,0,0,0,0,0,0,0,0,0,0,Matches
205,Cody Gakpo,"FW,MF",nl Netherlands,23,1.nl PSV,1999,5,5,450,5,3,0,3,3,0,0,0,0,0.6,0,0.6,0.6,0.6,Matches
206,Hernán Galíndez,GK,ec Ecuador,35,1.ec Aucas,1987,3,3,270,3,0,0,0,0,0,0,0,0,0,0,0,0,0,Matches
207,Jesús Gallardo,DF,mx Mexico,27,1.mx Monterrey,1994,3,3,270,3,0,0,0,0,0,0,0,0,0,0,0,0,0,Matches
208,Gavi,MF,es Spain,17,1.es Barcelona,2004,4,4,284,3.2,1,0,1,1,0,0,0,0,0.32,0,0.32,0.32,0.32,Matches
209,Sultan Al-Ghanam,DF,sa Saudi Arabia,28,1.sa Al-Nassr,1994,3,1,126,1.4,0,0,0,0,0,0,0,0,0,0,0,0,0,Matches
210,Nader Ghandri,DF,tn Tunisia,27,1.tn Club Africain,1995,1,1,90,1,0,0,0,0,0,0,0,0,0,0,0,0,0,Matches
211,Saman Ghoddos,"FW,MF",ir IR Iran,28,1.eng Brentford,1993,1,0,45,0.5,0,0,0,0,0,0,0,0,0,0,0,0,0,Matches
212,Ali Gholizadeh,"MF,FW",ir IR Iran,26,1.be Charleroi,1996,3,2,199,2.2,0,1,1,0,0,0,0,0,0,0.45,0.45,0,0.45,Matches
213,Matthias Ginter,"DF,MF",de Germany,28,1.de Freiburg,1994,1,0,1,0,0,0,0,0,0,0,0,0,0,0,0,0,0,Matches
214,Olivier Giroud,FW,fr France,35,1.it Milan,1986,6,6,419,4.7,4,0,4,4,0,0,1,0,0.86,0,0.86,0.86,0.86,Matches
215,Kamil Glik,DF,pl Poland,34,2.it Benevento,1988,4,4,360,4,0,0,0,0,0,0,0,0,0,0,0,0,0,Matches
216,Serge Gnabry,MF,de Germany,26,1.de Bayern Munich,1995,3,3,263,2.9,1,1,2,1,0,0,0,0,0.34,0.34,0.68,0.34,0.68,Matches
217,Diego Godín,DF,uy Uruguay,36,1.ar Vélez Sarsfield,1986,2,2,151,1.7,0,0,0,0,0,0,0,0,0,0,0,0,0,Matches
218,Maxi Gómez,FW,uy Uruguay,25,1.tr Trabzonspor,1996,2,0,30,0.3,0,0,0,0,0,0,0,0,0,0,0,0,0,Matches
219,Papu Gómez,"MF,FW",ar Argentina,34,1.es Sevilla,1988,2,2,107,1.2,0,0,0,0,0,0,0,0,0,0,0,0,0,Matches
220,Sh?ichi Gonda,GK,jp Japan,33,1.jp Shimizu S-Pulse,1989,4,4,390,4.3,0,0,0,0,0,0,0,0,0,0,0,0,0,Matches
221,Craig Goodwin,MF,au Australia,30,1.au Adelaide United,1991,4,3,234,2.6,1,1,2,1,0,0,0,0,0.38,0.38,0.77,0.38,0.77,Matches
222,Leon Goretzka,MF,de Germany,27,1.de Bayern Munich,1995,3,2,159,1.8,0,0,0,0,0,0,1,0,0,0,0,0,0,Matches
223,Mario Götze,"FW,MF",de Germany,30,1.de Frankfurt,1992,2,0,36,0.4,0,0,0,0,0,0,0,0,0,0,0,0,0,Matches
224,Jack Grealish,"FW,MF",eng England,26,1.eng Manchester City,1995,5,0,86,1,1,0,1,1,0,0,0,0,1.05,0,1.05,1.05,1.05,Matches
225,Antoine Griezmann,MF,fr France,31,1.es Atlético Madrid,1991,7,6,537,6,0,3,3,0,0,0,1,0,0,0.5,0.5,0,0.5,Matches
Rk,Player,Pos,Squad,Age,Club,Born,MP,Starts,Min,90s,Gls,Ast,G+A,G-PK,PK,PKatt,CrdY,CrdR,Gls,Ast,G+A,G-PK,G+A-PK,Matches
226,Kamil Grosicki,"FW,MF",pl Poland,34,1.pl Pogo? Szczecin,1988,1,0,4,0,0,0,0,0,0,0,0,0,0,0,0,0,0,Matches
227,Carlos Gruezo,MF,ec Ecuador,27,1.de Augsburg,1995,1,1,45,0.5,0,0,0,0,0,0,0,0,0,0,0,0,0,Matches
228,Marko Gruji?,MF,rs Serbia,26,1.pt Porto,1996,1,0,13,0.1,0,0,0,0,0,0,0,0,0,0,0,0,0,Matches
229,Andrés Guardado,MF,mx Mexico,35,1.es Real Betis,1986,1,1,41,0.5,0,0,0,0,0,0,0,0,0,0,0,0,0,Matches
230,Nemanja Gudelj,MF,rs Serbia,30,1.es Sevilla,1991,2,1,92,1,0,0,0,0,0,0,2,0,0,0,0,0,0,Matches
231,Cho Gue-sung,FW,kr Korea Republic,24,1.kr Jeonbuk,1998,4,3,275,3.1,2,0,2,2,0,0,1,0,0.65,0,0.65,0.65,0.65,Matches
232,Mattéo Guendouzi,FW,fr France,23,1.fr Marseille,1999,1,1,78,0.9,0,0,0,0,0,0,0,0,0,0,0,0,0,Matches
233,Raphaël Guerreiro,DF,pt Portugal,28,1.de Dortmund,1993,4,3,279,3.1,1,2,3,1,0,0,0,0,0.32,0.65,0.97,0.32,0.97,Matches
234,Idrissa Gueye,MF,sn Senegal,32,1.eng Everton,1989,3,3,270,3,0,0,0,0,0,0,2,0,0,0,0,0,0,Matches
235,Pape Gueye,MF,sn Senegal,23,1.fr Marseille,1999,3,1,153,1.7,0,0,0,0,0,0,0,0,0,0,0,0,0,Matches
236,Bruno Guimarães,MF,br Brazil,24,1.eng Newcastle,1997,2,0,69,0.8,0,0,0,0,0,0,1,0,0,0,0,0,0,Matches
237,?lkay Gündo?an,MF,de Germany,31,1.eng Manchester City,1990,3,3,189,2.1,1,0,1,0,1,1,0,0,0.48,0,0.48,0,0,Matches
238,Erick Gutiérrez,MF,mx Mexico,26,1.nl PSV,1995,1,0,49,0.5,0,0,0,0,0,0,1,0,0,0,0,0,0,Matches
239,Joško Gvardiol,DF,hr Croatia,20,1.de RB Leipzig,2002,7,7,690,7.7,1,0,1,1,0,0,0,0,0.13,0,0.13,0.13,0.13,Matches
240,Asiri Haitham,FW,sa Saudi Arabia,21,2.sa Al-Ahli,2001,1,0,2,0,0,0,0,0,0,0,0,0,0,0,0,0,0,Matches
241,Ehsan Hajsafi,MF,ir IR Iran,32,1.gr AEK Athens,1990,3,3,237,2.6,0,0,0,0,0,0,0,0,0,0,0,0,0,Matches
242,Achraf Hakimi,DF,ma Morocco,23,1.fr PSG,1998,7,7,631,7,0,1,1,0,0,0,0,0,0,0.14,0.14,0,0.14,Matches
243,Abderrazak Hamdallah,FW,ma Morocco,31,1.sa Al-Ittihad,1990,4,0,68,0.8,0,0,0,0,0,0,0,0,0,0,0,0,0,Matches
244,Abdelkarim Hassan,DF,qa Qatar,28,1.qa Al Sadd,1993,3,3,270,3,0,0,0,0,0,0,0,0,0,0,0,0,0,Matches
245,Ali Al Hassan,MF,sa Saudi Arabia,25,1.sa Al-Nassr,1997,1,1,45,0.5,0,0,0,0,0,0,1,0,0,0,0,0,0,Matches
246,Abdulaziz Hatem,MF,qa Qatar,32,1.qa Al Rayyan SC,1990,3,2,196,2.2,0,0,0,0,0,0,0,0,0,0,0,0,0,Matches
247,Kai Havertz,FW,de Germany,23,1.eng Chelsea,1999,2,1,102,1.1,2,0,2,2,0,0,0,0,1.76,0,1.76,1.76,1.76,Matches
248,Hassan Al-Haydos,MF,qa Qatar,31,1.qa Al Sadd,1990,3,3,206,2.3,0,0,0,0,0,0,0,0,0,0,0,0,0,Matches
249,Eden Hazard,FW,be Belgium,31,1.es Real Madrid,1991,3,2,124,1.4,0,0,0,0,0,0,0,0,0,0,0,0,0,Matches
250,Thorgan Hazard,MF,be Belgium,29,1.de Dortmund,1993,2,1,106,1.2,0,0,0,0,0,0,0,0,0,0,0,0,0,Matches
Rk,Player,Pos,Squad,Age,Club,Born,MP,Starts,Min,90s,Gls,Ast,G+A,G-PK,PK,PKatt,CrdY,CrdR,Gls,Ast,G+A,G-PK,G+A-PK,Matches
251,Hwang Hee-chan,MF,kr Korea Republic,26,1.eng Wolves,1996,2,1,115,1.3,1,0,1,1,0,0,1,0,0.78,0,0.78,0.78,0.78,Matches
252,Jordan Henderson,MF,eng England,31,1.eng Liverpool,1990,4,3,271,3,1,0,1,1,0,0,0,0,0.33,0,0.33,0.33,0.33,Matches
253,Wayne Hennessey,GK,wls Wales,35,1.eng Nottingham,1987,2,2,175,1.9,0,0,0,0,0,0,0,1,0,0,0,0,0,Matches
254,Lucas Hernández,DF,fr France,26,1.de Bayern Munich,1996,1,1,12,0.1,0,0,0,0,0,0,0,0,0,0,0,0,0,Matches
255,Theo Hernández,DF,fr France,24,1.it Milan,1997,6,5,508,5.6,1,2,3,1,0,0,1,0,0.18,0.35,0.53,0.18,0.53,Matches
256,Héctor Herrera,MF,mx Mexico,32,1.us Houston,1990,2,2,160,1.8,0,0,0,0,0,0,1,0,0,0,0,0,0,Matches
257,Son Heung-min,"MF,FW",kr Korea Republic,29,1.eng Tottenham,1992,4,4,360,4,0,1,1,0,0,0,0,0,0,0.25,0.25,0,0.25,Matches
258,Piero Hincapié,DF,ec Ecuador,20,1.de Leverkusen,2002,3,3,270,3,0,0,0,0,0,0,0,0,0,0,0,0,0,Matches
259,Jonas Hofmann,MF,de Germany,29,1.de Gladbach,1992,2,0,30,0.3,0,0,0,0,0,0,0,0,0,0,0,0,0,Matches
260,Junior Hoilett,MF,ca Canada,32,2.eng Reading,1990,3,2,161,1.8,0,0,0,0,0,0,1,0,0,0,0,0,0,Matches
261,Martin Hongla,MF,cm Cameroon,24,1.it Hellas Verona,1998,2,2,121,1.3,0,0,0,0,0,0,0,0,0,0,0,0,0,Matches
262,Ricardo Horta,FW,pt Portugal,27,1.pt Braga,1994,3,1,119,1.3,1,0,1,1,0,0,0,0,0.76,0,0.76,0.76,0.76,Matches
263,Hossein Hosseini,GK,ir IR Iran,29,1.ir Esteghlal,1992,2,1,161,1.8,0,0,0,0,0,0,0,0,0,0,0,0,0,Matches
264,Majid Hosseini,DF,ir IR Iran,25,1.tr Kayserispor,1996,3,3,270,3,0,0,0,0,0,0,1,0,0,0,0,0,0,Matches
265,Ajdin Hrustic,MF,au Australia,25,1.it Hellas Verona,1996,3,0,62,0.7,0,0,0,0,0,0,0,0,0,0,0,0,0,Matches
266,Atiba Hutchinson,MF,ca Canada,39,1.tr Be?ikta?,1983,3,2,159,1.8,0,0,0,0,0,0,0,0,0,0,0,0,0,Matches
267,Pierre Højbjerg,MF,dk Denmark,26,1.eng Tottenham,1995,3,3,270,3,0,0,0,0,0,0,0,0,0,0,0,0,0,Matches
268,Romario Ibarra,MF,ec Ecuador,27,1.mx Pachuca,1994,2,1,68,0.8,0,0,0,0,0,0,0,0,0,0,0,0,0,Matches
269,Ivan Ili?,MF,rs Serbia,21,1.it Hellas Verona,2001,1,0,34,0.4,0,0,0,0,0,0,0,0,0,0,0,0,0,Matches
270,Hwang In-beom,MF,kr Korea Republic,25,1.gr Olympiacos,1996,4,4,334,3.7,0,0,0,0,0,0,0,0,0,0,0,0,0,Matches
271,Jackson Irvine,"MF,FW",au Australia,29,2.de St Pauli,1993,4,4,354,3.9,0,0,0,0,0,0,2,0,0,0,0,0,0,Matches
272,Ko Itakura,DF,jp Japan,25,1.de Gladbach,1997,3,3,270,3,0,1,1,0,0,0,2,0,0,0.33,0.33,0,0.33,Matches
273,Hiroki Ito,DF,jp Japan,23,1.de Stuttgart,1999,1,0,45,0.5,0,0,0,0,0,0,0,0,0,0,0,0,0,Matches
274,Junya It?,MF,jp Japan,29,1.fr Reims,1993,4,3,324,3.6,0,1,1,0,0,0,0,0,0,0.28,0.28,0,0.28,Matches
275,Yahya Jabrane,MF,ma Morocco,30,1.ma Wydad AC,1991,2,0,15,0.2,0,0,0,0,0,0,0,0,0,0,0,0,0,Matches
Rk,Player,Pos,Squad,Age,Club,Born,MP,Starts,Min,90s,Gls,Ast,G+A,G-PK,PK,PKatt,CrdY,CrdR,Gls,Ast,G+A,G-PK,G+A-PK,Matches
276,Nicolas Jackson,FW,sn Senegal,20,1.es Villarreal,2001,1,0,17,0.2,0,0,0,0,0,0,0,0,0,0,0,0,0,Matches
277,Lee Jae-sung,"MF,FW",kr Korea Republic,29,1.de Mainz 05,1992,3,3,211,2.3,0,0,0,0,0,0,0,0,0,0,0,0,0,Matches
278,Alireza Jahanbakhsh,MF,ir IR Iran,28,1.nl Feyenoord,1993,2,1,59,0.7,0,0,0,0,0,0,2,0,0,0,0,0,0,Matches
279,Kristijan Jaki?,"DF,MF",hr Croatia,25,1.de Frankfurt,1997,1,0,1,0,0,0,0,0,0,0,0,0,0,0,0,0,0,Matches
280,Ismail Jakobs,DF,sn Senegal,22,1.fr Monaco,1999,4,3,278,3.1,0,1,1,0,0,0,1,0,0,0.32,0.32,0,0.32,Matches
281,Abolfazl Jalali,DF,ir IR Iran,23,1.ir Esteghlal,1998,1,0,19,0.2,0,0,0,0,0,0,1,0,0,0,0,0,0,Matches
282,Daniel James,"MF,FW",wls Wales,24,1.eng Fulham,1997,3,2,154,1.7,0,0,0,0,0,0,1,0,0,0,0,0,0,Matches
283,Vincent Janssen,FW,nl Netherlands,27,1.be Antwerp,1994,2,1,86,1,0,0,0,0,0,0,0,0,0,0,0,0,0,Matches
284,Ardon Jashari,MF,ch Switzerland,19,1.ch Luzern,2002,1,0,2,0,0,0,0,0,0,0,0,0,0,0,0,0,0,Matches
285,Issam Jebali,FW,tn Tunisia,30,1.dk Odense,1991,3,2,182,2,0,0,0,0,0,0,0,0,0,0,0,0,0,Matches
286,Artur J?drzejczyk,DF,pl Poland,34,1.pl Legia Warsaw,1987,1,0,19,0.2,0,0,0,0,0,0,0,0,0,0,0,0,0,Matches
287,Mathias Jensen,MF,dk Denmark,26,1.eng Brentford,1996,2,1,84,0.9,0,0,0,0,0,0,1,0,0,0,0,0,0,Matches
288,Gabriel Jesus,FW,br Brazil,25,1.eng Arsenal,1997,3,1,93,1,0,0,0,0,0,0,0,0,0,0,0,0,0,Matches
289,Raúl Jiménez,FW,mx Mexico,31,1.eng Wolves,1991,3,0,59,0.7,0,0,0,0,0,0,0,0,0,0,0,0,0,Matches
290,Kim Jin-su,DF,kr Korea Republic,30,1.kr Jeonbuk,1992,4,4,315,3.5,0,1,1,0,0,0,0,0,0,0.29,0.29,0,0.29,Matches
291,Brennan Johnson,"FW,MF",wls Wales,21,1.eng Nottingham,2001,3,0,91,1,0,0,0,0,0,0,0,0,0,0,0,0,0,Matches
292,Alistair Johnston,DF,ca Canada,23,1.us CF Montréal,1998,3,3,270,3,0,0,0,0,0,0,1,0,0,0,0,0,0,Matches
293,Frenkie de Jong,MF,nl Netherlands,25,1.es Barcelona,1997,5,5,475,5.3,1,1,2,1,0,0,1,0,0.19,0.19,0.38,0.19,0.38,Matches
294,Luuk de Jong,FW,nl Netherlands,31,1.nl PSV,1990,1,0,57,0.6,0,0,0,0,0,0,0,0,0,0,0,0,0,Matches
295,Luka Jovi?,FW,rs Serbia,24,1.it Fiorentina,1997,1,0,36,0.4,0,0,0,0,0,0,1,0,0,0,0,0,0,Matches
296,Son Jun-ho,MF,kr Korea Republic,30,1.cn SD Taishan,1992,3,0,72,0.8,0,0,0,0,0,0,0,0,0,0,0,0,0,Matches
297,Vinicius Júnior,"FW,MF",br Brazil,21,1.es Real Madrid,2000,4,4,299,3.3,1,2,3,1,0,0,0,0,0.3,0.6,0.9,0.3,0.9,Matches
298,Josip Juranovi?,DF,hr Croatia,26,1.sct Celtic,1995,6,6,600,6.7,0,1,1,0,0,0,0,0,0,0.15,0.15,0,0.15,Matches
299,Daichi Kamada,"MF,FW",jp Japan,25,1.de Frankfurt,1996,4,4,322,3.6,0,0,0,0,0,0,0,0,0,0,0,0,0,Matches
300,Jakub Kami?ski,MF,pl Poland,20,1.de Wolfsburg,2002,4,2,233,2.6,0,0,0,0,0,0,0,0,0,0,0,0,0,Matches
Rk,Player,Pos,Squad,Age,Club,Born,MP,Starts,Min,90s,Gls,Ast,G+A,G-PK,PK,PKatt,CrdY,CrdR,Gls,Ast,G+A,G-PK,G+A-PK,Matches
301,Hossein Kanaanizadegan,DF,ir IR Iran,28,1.qa Al Ahli SC,1994,1,0,45,0.5,0,0,0,0,0,0,1,0,0,0,0,0,0,Matches
302,Harry Kane,FW,eng England,28,1.eng Tottenham,1993,5,5,402,4.5,2,3,5,1,1,2,0,0,0.45,0.67,1.12,0.22,0.9,Matches
303,Lee Kang-in,MF,kr Korea Republic,21,1.es Mallorca,2001,4,1,147,1.6,0,1,1,0,0,0,1,0,0,0.61,0.61,0,0.61,Matches
304,Mohamed Kanno,MF,sa Saudi Arabia,27,1.sa Al-Hilal,1994,3,3,270,3,0,0,0,0,0,0,0,0,0,0,0,0,0,Matches
305,Fran Kara?i?,DF,au Australia,26,2.it Brescia,1996,2,1,93,1,0,0,0,0,0,0,0,0,0,0,0,0,0,Matches
306,Ali Karimi,MF,ir IR Iran,28,1.tr Kayserispor,1994,3,1,99,1.1,0,0,0,0,0,0,0,0,0,0,0,0,0,Matches
307,Mark-Anthony Kaye,MF,ca Canada,27,1.us Toronto FC,1994,1,1,59,0.7,0,0,0,0,0,0,0,0,0,0,0,0,0,Matches
308,Wajdi Kechrida,MF,tn Tunisia,26,1.gr Atromitos,1995,3,1,111,1.2,0,0,0,0,0,0,1,0,0,0,0,0,0,Matches
309,Thilo Kehrer,DF,de Germany,25,1.eng West Ham,1996,1,1,69,0.8,0,0,0,0,0,0,1,0,0,0,0,0,0,Matches
310,Bilal El Khannouss,MF,ma Morocco,18,1.be Genk,2004,1,1,55,0.6,0,0,0,0,0,0,0,0,0,0,0,0,0,Matches
311,Wahbi Khazri,FW,tn Tunisia,31,1.fr Montpellier,1991,2,1,83,0.9,1,0,1,1,0,0,0,0,1.08,0,1.08,1.08,1.08,Matches
312,Musab Kheder,DF,qa Qatar,28,1.qa Al Sadd,1993,1,0,6,0.1,0,0,0,0,0,0,0,0,0,0,0,0,0,Matches
313,Boualem Khoukhi,DF,qa Qatar,31,1.qa Al Sadd,1990,3,3,270,3,0,0,0,0,0,0,0,0,0,0,0,0,0,Matches
314,Joshua Kimmich,"MF,DF",de Germany,27,1.de Bayern Munich,1995,3,3,270,3,0,0,0,0,0,0,1,0,0,0,0,0,0,Matches
315,Jakub Kiwior,DF,pl Poland,22,1.it Spezia,2000,4,4,355,3.9,0,0,0,0,0,0,1,0,0,0,0,0,0,Matches
316,Simon Kjær,DF,dk Denmark,33,1.it Milan,1989,1,1,64,0.7,0,0,0,0,0,0,0,0,0,0,0,0,0,Matches
317,Davy Klaassen,MF,nl Netherlands,29,1.nl Ajax,1993,4,3,190,2.1,1,2,3,1,0,0,0,0,0.47,0.95,1.42,0.47,1.42,Matches
318,Lukas Klostermann,"DF,MF",de Germany,26,1.de RB Leipzig,1996,2,0,66,0.7,0,0,0,0,0,0,0,0,0,0,0,0,0,Matches
319,Gregor Kobel,GK,ch Switzerland,24,1.de Dortmund,1997,1,1,90,1,0,0,0,0,0,0,0,0,0,0,0,0,0,Matches
320,Koke,MF,es Spain,30,1.es Atlético Madrid,1992,2,0,52,0.6,0,0,0,0,0,0,0,0,0,0,0,0,0,Matches
321,Randal Kolo Muani,FW,fr France,23,1.de Frankfurt,1998,3,1,182,2,1,0,1,1,0,0,0,0,0.49,0,0.49,0.49,0.49,Matches
322,Ibrahima Konaté,DF,fr France,23,1.eng Liverpool,1999,5,3,294,3.3,0,0,0,0,0,0,0,0,0,0,0,0,0,Matches
323,Ismaël Koné,MF,ca Canada,19,1.us CF Montréal,2002,3,0,109,1.2,0,0,0,0,0,0,0,0,0,0,0,0,0,Matches
324,Teun Koopmeiners,MF,nl Netherlands,24,1.it Atalanta,1998,5,1,219,2.4,0,1,1,0,0,0,1,0,0,0.41,0.41,0,0.41,Matches
325,Filip Kosti?,MF,rs Serbia,29,1.it Juventus,1992,2,2,179,2,0,0,0,0,0,0,0,0,0,0,0,0,0,Matches
Rk,Player,Pos,Squad,Age,Club,Born,MP,Starts,Min,90s,Gls,Ast,G+A,G-PK,PK,PKatt,CrdY,CrdR,Gls,Ast,G+A,G-PK,G+A-PK,Matches
326,Kalidou Koulibaly,DF,sn Senegal,30,1.eng Chelsea,1991,4,4,360,4,1,0,1,1,0,0,1,0,0.25,0,0.25,0.25,0.25,Matches
327,Jules Koundé,DF,fr France,23,1.es Barcelona,1998,6,5,480,5.3,0,0,0,0,0,0,1,0,0,0,0,0,0,Matches
328,Cheikhou Kouyaté,MF,sn Senegal,32,1.eng Nottingham,1989,1,1,72,0.8,0,0,0,0,0,0,0,0,0,0,0,0,0,Matches
329,Mateo Kova?i?,MF,hr Croatia,28,1.eng Chelsea,1994,7,7,635,7.1,0,0,0,0,0,0,2,0,0,0,0,0,0,Matches
330,Andrej Kramari?,FW,hr Croatia,30,1.de Hoffenheim,1991,7,7,474,5.3,2,0,2,2,0,0,0,0,0.38,0,0.38,0.38,0.38,Matches
331,Rasmus Kristensen,"MF,DF",dk Denmark,24,1.eng Leeds United,1997,3,3,224,2.5,0,0,0,0,0,0,1,0,0,0,0,0,0,Matches
332,Grzegorz Krychowiak,MF,pl Poland,32,1.sa Al-Shabab,1990,4,4,332,3.7,0,0,0,0,0,0,1,0,0,0,0,0,0,Matches
333,Takefusa Kubo,"MF,FW",jp Japan,21,1.es Real Sociedad,2001,2,2,90,1,0,0,0,0,0,0,0,0,0,0,0,0,0,Matches
334,Mohammed Kudus,"MF,FW",gh Ghana,21,1.nl Ajax,2000,3,3,247,2.7,2,0,2,2,0,0,1,0,0.73,0,0.73,0.73,0.73,Matches
335,Pierre Kunde,MF,cm Cameroon,26,1.gr Olympiacos,1995,2,2,131,1.5,0,0,0,0,0,0,1,0,0,0,0,0,0,Matches
336,Garang Kuol,MF,au Australia,17,1.au Central Coast,2004,2,0,37,0.4,0,0,0,0,0,0,0,0,0,0,0,0,0,Matches
337,Daniel Kyereh,"FW,MF",gh Ghana,26,1.de Freiburg,1996,3,0,33,0.4,0,0,0,0,0,0,0,0,0,0,0,0,0,Matches
338,Kwon Kyung-won,DF,kr Korea Republic,30,1.jp Gamba Osaka,1992,2,1,91,1,0,0,0,0,0,0,0,0,0,0,0,0,0,Matches
339,Aïssa Laïdouni,MF,tn Tunisia,25,1.hu Ferencváros,1996,3,3,243,2.7,0,1,1,0,0,0,1,0,0,0.37,0.37,0,0.37,Matches
340,Tariq Lamptey,DF,gh Ghana,21,1.eng Brighton,2000,2,1,102,1.1,0,0,0,0,0,0,1,0,0,0,0,0,0,Matches
341,Noa Lang,"FW,MF",nl Netherlands,22,1.be Club Brugge,1999,1,0,8,0.1,0,0,0,0,0,0,1,0,0,0,0,0,0,Matches
342,Aymeric Laporte,DF,es Spain,28,1.eng Manchester City,1994,3,3,300,3.3,0,0,0,0,0,0,1,0,0,0,0,0,0,Matches
343,Cyle Larin,FW,ca Canada,27,1.be Club Brugge,1995,3,2,137,1.5,0,0,0,0,0,0,0,0,0,0,0,0,0,Matches
344,Richie Laryea,"MF,DF",ca Canada,27,1.us Toronto FC,1995,3,2,160,1.8,0,0,0,0,0,0,0,0,0,0,0,0,0,Matches
345,Darko Lazovi?,MF,rs Serbia,31,1.it Hellas Verona,1990,1,0,25,0.3,0,0,0,0,0,0,0,0,0,0,0,0,0,Matches
346,Rafael Leão,"FW,MF",pt Portugal,23,1.it Milan,1999,5,0,88,1,2,0,2,2,0,0,0,0,2.05,0,2.05,2.05,2.05,Matches
347,Mathew Leckie,MF,au Australia,31,1.au Melb City,1991,4,4,333,3.7,1,1,2,1,0,0,0,0,0.27,0.27,0.54,0.27,0.54,Matches
348,Robert Lewandowski,FW,pl Poland,33,1.es Barcelona,1988,4,4,360,4,2,1,3,1,1,2,0,0,0.5,0.25,0.75,0.25,0.5,Matches
349,Matthijs de Ligt,DF,nl Netherlands,22,1.de Bayern Munich,1999,2,1,91,1,0,0,0,0,0,0,1,0,0,0,0,0,0,Matches
350,Jesper Lindstrøm,FW,dk Denmark,22,1.de Frankfurt,2000,3,2,200,2.2,0,0,0,0,0,0,0,0,0,0,0,0,0,Matches
Rk,Player,Pos,Squad,Age,Club,Born,MP,Starts,Min,90s,Gls,Ast,G+A,G-PK,PK,PKatt,CrdY,CrdR,Gls,Ast,G+A,G-PK,G+A-PK,Matches
351,Marko Livaja,FW,hr Croatia,28,1.hr Hajduk Split,1993,6,3,241,2.7,1,1,2,1,0,0,0,0,0.37,0.37,0.75,0.37,0.75,Matches
352,Dominik Livakovi?,GK,hr Croatia,27,1.hr Dinamo Zagreb,1995,7,7,690,7.7,0,0,0,0,0,0,1,0,0,0,0,0,0,Matches
353,Marcos Llorente,DF,es Spain,27,1.es Atlético Madrid,1995,1,1,120,1.3,0,0,0,0,0,0,0,0,0,0,0,0,0,Matches
354,Hugo Lloris,GK,fr France,35,1.eng Tottenham,1986,6,6,570,6.3,0,0,0,0,0,0,0,0,0,0,0,0,0,Matches
355,Dejan Lovren,DF,hr Croatia,32,1.ru Zenit,1989,6,6,600,6.7,0,1,1,0,0,0,1,0,0,0.15,0.15,0,0.15,Matches
356,Hirving Lozano,"FW,MF",mx Mexico,26,1.it Napoli,1995,3,3,252,2.8,0,0,0,0,0,0,0,0,0,0,0,0,0,Matches
357,Romelu Lukaku,FW,be Belgium,29,1.it Inter,1993,2,0,55,0.6,0,0,0,0,0,0,0,0,0,0,0,0,0,Matches
358,Saša Luki?,MF,rs Serbia,25,1.it Torino,1996,3,3,245,2.7,0,0,0,0,0,0,2,0,0,0,0,0,0,Matches
359,Ali Maâloul,MF,tn Tunisia,32,1.eg Al Ahly,1990,1,1,90,1,0,0,0,0,0,0,0,0,0,0,0,0,0,Matches
360,Awer Mabil,"FW,MF",au Australia,26,1.es Cádiz,1995,2,0,24,0.3,0,0,0,0,0,0,0,0,0,0,0,0,0,Matches
361,Alexis Mac Allister,MF,ar Argentina,23,1.eng Brighton,1998,6,6,550,6.1,1,1,2,1,0,0,0,0,0.16,0.16,0.33,0.16,0.33,Matches
362,Jamie Maclaren,FW,au Australia,28,1.au Melb City,1993,3,0,55,0.6,0,0,0,0,0,0,0,0,0,0,0,0,0,Matches
363,Assim Madibo,MF,qa Qatar,25,1.qa Al Duhail SC,1996,2,2,153,1.7,0,0,0,0,0,0,1,0,0,0,0,0,0,Matches
364,Abdullah Madu,DF,sa Saudi Arabia,28,1.sa Al-Nassr,1993,1,0,45,0.5,0,0,0,0,0,0,1,0,0,0,0,0,0,Matches
365,Daizen Maeda,FW,jp Japan,24,1.sct Celtic,1997,3,3,180,2,1,0,1,1,0,0,0,0,0.5,0,0.5,0.5,0.5,Matches
366,Harry Maguire,DF,eng England,29,1.eng Manchester Utd,1993,5,5,429,4.8,0,1,1,0,0,0,1,0,0,0.21,0.21,0,0.21,Matches
367,Lovro Majer,MF,hr Croatia,24,1.fr Rennes,1998,7,1,130,1.4,1,0,1,1,0,0,0,0,0.69,0,0.69,0.69,0.69,Matches
368,Nemanja Maksimovi?,MF,rs Serbia,27,1.es Getafe,1995,3,1,122,1.4,0,0,0,0,0,0,0,0,0,0,0,0,0,Matches
369,Abdulellah Al-Malki,MF,sa Saudi Arabia,27,1.sa Al-Hilal,1994,2,2,174,1.9,0,0,0,0,0,0,2,0,0,0,0,0,0,Matches
370,Steve Mandanda,GK,fr France,37,1.fr Rennes,1985,1,1,90,1,0,0,0,0,0,0,0,0,0,0,0,0,0,Matches
371,José María Giménez,DF,uy Uruguay,27,1.es Atlético Madrid,1995,3,3,270,3,0,0,0,0,0,0,1,0,0,0,0,0,0,Matches
372,João Mário,MF,pt Portugal,29,1.pt Benfica,1993,2,1,84,0.9,0,0,0,0,0,0,0,0,0,0,0,0,0,Matches
373,Marquinhos,DF,br Brazil,28,1.fr PSG,1994,5,4,426,4.7,0,0,0,0,0,0,1,0,0,0,0,0,0,Matches
374,Henry Martín,FW,mx Mexico,29,1.mx América,1992,2,2,146,1.6,1,0,1,1,0,0,0,0,0.62,0,0.62,0.62,0.62,Matches
375,Gabriel Martinelli,FW,br Brazil,20,1.eng Arsenal,2001,3,1,113,1.3,0,0,0,0,0,0,0,0,0,0,0,0,0,Matches
Rk,Player,Pos,Squad,Age,Club,Born,MP,Starts,Min,90s,Gls,Ast,G+A,G-PK,PK,PKatt,CrdY,CrdR,Gls,Ast,G+A,G-PK,G+A-PK,Matches
376,Carlos Martínez,DF,cr Costa Rica,23,1.cr San Carlos,1999,1,1,45,0.5,0,0,0,0,0,0,0,0,0,0,0,0,0,Matches
377,Emiliano Martínez,GK,ar Argentina,29,1.eng Aston Villa,1992,7,7,690,7.7,0,0,0,0,0,0,1,0,0,0,0,0,0,Matches
378,Lautaro Martínez,FW,ar Argentina,24,1.it Inter,1997,6,2,241,2.7,0,0,0,0,0,0,0,0,0,0,0,0,0,Matches
379,Lisandro Martínez,DF,ar Argentina,24,1.eng Manchester Utd,1998,5,2,303,3.4,0,0,0,0,0,0,1,0,0,0,0,0,0,Matches
380,Pape Matar Sarr,MF,sn Senegal,19,1.eng Tottenham,2002,2,0,59,0.7,0,0,0,0,0,0,0,0,0,0,0,0,0,Matches
381,Rónald Matarrita,"DF,MF",cr Costa Rica,27,1.us FC Cincinnati,1994,2,0,26,0.3,0,0,0,0,0,0,0,0,0,0,0,0,0,Matches
382,Eric Maxim Choupo-Moting,FW,cm Cameroon,33,1.de Bayern Munich,1989,3,3,253,2.8,1,0,1,1,0,0,0,0,0.36,0,0.36,0.36,0.36,Matches
383,Noussair Mazraoui,DF,ma Morocco,24,1.de Bayern Munich,1997,5,5,365,4.1,0,0,0,0,0,0,0,0,0,0,0,0,0,Matches
384,Kylian Mbappé,"MF,FW",fr France,23,1.fr PSG,1998,7,6,598,6.6,8,2,10,6,2,2,0,0,1.2,0.3,1.51,0.9,1.2,Matches
385,Bryan Mbeumo,"FW,MF",cm Cameroon,22,1.eng Brentford,1999,3,3,233,2.6,0,0,0,0,0,0,0,0,0,0,0,0,0,Matches
386,Riley McGree,"MF,FW",au Australia,23,2.eng Middlesbrough,1998,4,4,265,2.9,0,1,1,0,0,0,0,0,0,0.34,0.34,0,0.34,Matches
387,Weston McKennie,MF,us USA,23,1.it Juventus,1998,4,4,271,3,0,0,0,0,0,0,1,0,0,0,0,0,0,Matches
388,Hannibal Mejbri,MF,tn Tunisia,19,2.eng Birmingham City,2003,1,0,11,0.1,0,0,0,0,0,0,0,0,0,0,0,0,0,Matches
389,Memphis,FW,nl Netherlands,28,1.es Barcelona,1994,5,3,297,3.3,1,0,1,1,0,0,1,0,0.3,0,0.3,0.3,0.3,Matches
390,Nuno Mendes,DF,pt Portugal,19,1.fr PSG,2002,1,1,41,0.5,0,0,0,0,0,0,0,0,0,0,0,0,0,Matches
391,Jhegson Méndez,MF,ec Ecuador,25,1.us LAFC,1997,2,2,180,2,0,0,0,0,0,0,2,0,0,0,0,0,0,Matches
392,Édouard Mendy,GK,sn Senegal,30,1.eng Chelsea,1992,4,4,360,4,0,0,0,0,0,0,0,0,0,0,0,0,0,Matches
393,Nampalys Mendy,MF,sn Senegal,29,1.eng Leicester City,1992,4,3,272,3,0,0,0,0,0,0,1,0,0,0,0,0,0,Matches
394,Gideon Mensah,DF,gh Ghana,23,1.fr Auxerre,1998,1,1,87,1,0,1,1,0,0,0,0,0,0,1.03,1.03,0,1.03,Matches
395,Chris Mepham,DF,wls Wales,24,1.eng Bournemouth,1997,3,3,270,3,0,0,0,0,0,0,1,0,0,0,0,0,0,Matches
396,Yassine Meriah,DF,tn Tunisia,28,1.tn Espérance Tunis,1993,3,3,270,3,0,0,0,0,0,0,0,0,0,0,0,0,0,Matches
397,Dries Mertens,FW,be Belgium,35,1.tr Galatasaray,1987,2,1,76,0.8,0,0,0,0,0,0,0,0,0,0,0,0,0,Matches
398,Lionel Messi,FW,ar Argentina,34,1.fr PSG,1987,7,7,690,7.7,7,3,10,3,4,5,1,0,0.91,0.39,1.3,0.39,0.78,Matches
399,Thomas Meunier,MF,be Belgium,30,1.de Dortmund,1991,3,2,211,2.3,0,0,0,0,0,0,1,0,0,0,0,0,0,Matches
400,Nikola Milenkovi?,DF,rs Serbia,24,1.it Fiorentina,1997,3,3,270,3,0,0,0,0,0,0,2,0,0,0,0,0,0,Matches
Rk,Player,Pos,Squad,Age,Club,Born,MP,Starts,Min,90s,Gls,Ast,G+A,G-PK,PK,PKatt,CrdY,CrdR,Gls,Ast,G+A,G-PK,G+A-PK,Matches
401,Arkadiusz Milik,FW,pl Poland,28,1.it Juventus,1994,3,1,101,1.1,0,0,0,0,0,0,1,0,0,0,0,0,0,Matches
402,Sergej Milinkovi?-Savi?,"MF,FW",rs Serbia,27,1.it Lazio,1995,3,3,233,2.6,1,0,1,1,0,0,1,0,0.39,0,0.39,0.39,0.39,Matches
403,Vanja Milinkovi?-Savi?,GK,rs Serbia,25,1.it Torino,1997,3,3,270,3,0,0,0,0,0,0,0,0,0,0,0,0,0,Matches
404,Éder Militão,DF,br Brazil,24,1.es Real Madrid,1998,4,4,347,3.9,0,0,0,0,0,0,1,0,0,0,0,0,0,Matches
405,Liam Millar,"FW,MF",ca Canada,22,1.ch Basel,1999,1,0,10,0.1,0,0,0,0,0,0,0,0,0,0,0,0,0,Matches
406,Kamal Miller,DF,ca Canada,25,1.us CF Montréal,1997,3,3,270,3,0,0,0,0,0,0,1,0,0,0,0,0,0,Matches
407,Kim Min-jae,DF,kr Korea Republic,25,1.it Napoli,1996,3,3,269,3,0,0,0,0,0,0,0,0,0,0,0,0,0,Matches
408,Takumi Minamino,"FW,MF",jp Japan,27,1.fr Monaco,1995,3,0,60,0.7,0,0,0,0,0,0,0,0,0,0,0,0,0,Matches
409,Kaoru Mitoma,"FW,MF",jp Japan,25,1.eng Brighton,1997,4,0,165,1.8,0,1,1,0,0,0,0,0,0,0.55,0.55,0,0.55,Matches
410,Aleksandar Mitrovi?,FW,rs Serbia,27,1.eng Fulham,1994,3,3,262,2.9,2,0,2,2,0,0,1,0,0.69,0,0.69,0.69,0.69,Matches
411,Stefan Mitrovi?,DF,rs Serbia,32,1.es Getafe,1990,1,0,35,0.4,0,0,0,0,0,0,0,0,0,0,0,0,0,Matches
412,Filip Mladenovi?,MF,rs Serbia,30,1.pl Legia Warsaw,1991,1,1,65,0.7,0,0,0,0,0,0,0,0,0,0,0,0,0,Matches
413,Luka Modri?,MF,hr Croatia,36,1.es Real Madrid,1985,7,7,653,7.3,0,0,0,0,0,0,1,0,0,0,0,0,0,Matches
414,Ismaeel Mohammad,DF,qa Qatar,32,1.qa Al Duhail SC,1990,2,2,174,1.9,0,1,1,0,0,0,1,0,0,0.52,0.52,0,0.52,Matches
415,Milad Mohammadi,DF,ir IR Iran,28,1.gr AEK Athens,1993,3,3,196,2.2,0,0,0,0,0,0,0,0,0,0,0,0,0,Matches
416,Sadegh Moharrami,DF,ir IR Iran,26,1.hr Dinamo Zagreb,1996,1,1,90,1,0,0,0,0,0,0,0,0,0,0,0,0,0,Matches
417,Nahuel Molina,"DF,MF",ar Argentina,24,1.es Atlético Madrid,1998,7,6,567,6.3,1,1,2,1,0,0,0,0,0.16,0.16,0.32,0.16,0.32,Matches
418,César Montes,DF,mx Mexico,25,1.mx Monterrey,1997,3,3,270,3,0,1,1,0,0,0,0,0,0,0.33,0.33,0,0.33,Matches
419,Gonzalo Montiel,DF,ar Argentina,25,1.es Sevilla,1997,4,1,118,1.3,0,0,0,0,0,0,3,0,0,0,0,0,0,Matches
420,Kim Moon-hwan,DF,kr Korea Republic,26,1.kr Jeonbuk,1995,4,4,360,4,0,0,0,0,0,0,0,0,0,0,0,0,0,Matches
421,Kieffer Moore,FW,wls Wales,29,1.eng Bournemouth,1992,3,2,225,2.5,0,0,0,0,0,0,0,0,0,0,0,0,0,Matches
422,Shaq Moore,"DF,MF",us USA,25,1.us Nashville SC,1996,2,0,22,0.2,0,0,0,0,0,0,0,0,0,0,0,0,0,Matches
423,Aaron Mooy,MF,au Australia,31,1.sct Celtic,1990,4,4,360,4,0,0,0,0,0,0,1,0,0,0,0,0,0,Matches
424,Ederson Moraes,GK,br Brazil,28,1.eng Manchester City,1993,1,1,90,1,0,0,0,0,0,0,0,0,0,0,0,0,0,Matches
425,Álvaro Morata,FW,es Spain,29,1.es Atlético Madrid,1992,4,1,185,2.1,3,1,4,3,0,0,0,0,1.46,0.49,1.95,1.46,1.95,Matches
Rk,Player,Pos,Squad,Age,Club,Born,MP,Starts,Min,90s,Gls,Ast,G+A,G-PK,PK,PKatt,CrdY,CrdR,Gls,Ast,G+A,G-PK,G+A-PK,Matches
426,Héctor Moreno,DF,mx Mexico,34,1.mx Monterrey,1988,3,3,270,3,0,0,0,0,0,0,1,0,0,0,0,0,0,Matches
427,Hidemasa Morita,MF,jp Japan,27,1.pt Sporting CP,1995,3,3,285,3.2,0,0,0,0,0,0,0,0,0,0,0,0,0,Matches
428,Joe Morrell,"FW,MF",wls Wales,25,3.eng Portsmouth,1997,2,0,33,0.4,0,0,0,0,0,0,0,0,0,0,0,0,0,Matches
429,Jordan Morris,"FW,MF",us USA,27,1.us Seattle Sounders,1994,2,0,4,0,0,0,0,0,0,0,0,0,0,0,0,0,0,Matches
430,Youssoufa Moukoko,FW,de Germany,17,1.de Dortmund,2004,1,0,1,0,0,0,0,0,0,0,0,0,0,0,0,0,0,Matches
431,Mason Mount,MF,eng England,23,1.eng Chelsea,1999,4,2,186,2.1,0,0,0,0,0,0,0,0,0,0,0,0,0,Matches
432,Youssef Msakni,FW,tn Tunisia,31,1.qa Al-Arabi,1990,2,2,169,1.9,0,0,0,0,0,0,0,0,0,0,0,0,0,Matches
433,Thomas Müller,"FW,MF",de Germany,32,1.de Bayern Munich,1989,3,3,201,2.2,0,0,0,0,0,0,0,0,0,0,0,0,0,Matches
434,Munir,GK,ma Morocco,33,1.sa Al-Wehda,1989,1,1,90,1,0,0,0,0,0,0,0,0,0,0,0,0,0,Matches
435,Mohammed Muntari,FW,qa Qatar,28,1.qa Al Duhail SC,1993,3,0,63,0.7,1,0,1,1,0,0,0,0,1.43,0,1.43,1.43,1.43,Matches
436,Yunus Musah,MF,us USA,19,1.es Valencia,2002,4,4,343,3.8,0,0,0,0,0,0,0,0,0,0,0,0,0,Matches
437,Jamal Musiala,MF,de Germany,19,1.de Bayern Munich,2003,3,3,258,2.9,0,1,1,0,0,0,0,0,0,0.35,0.35,0,0.35,Matches
438,Joakim Mæhle,"MF,DF",dk Denmark,25,1.it Atalanta,1997,3,3,249,2.8,0,0,0,0,0,0,0,0,0,0,0,0,0,Matches
439,Georges-Kévin N'Koudou,"FW,MF",cm Cameroon,27,1.tr Be?ikta?,1995,2,0,27,0.3,0,0,0,0,0,0,0,0,0,0,0,0,0,Matches
440,Y?to Nagatomo,"MF,DF",jp Japan,35,1.jp FC Tokyo,1986,4,4,209,2.3,0,0,0,0,0,0,0,0,0,0,0,0,0,Matches
441,Sami Al-Najei,MF,sa Saudi Arabia,25,1.sa Al-Nassr,1997,1,1,45,0.5,0,0,0,0,0,0,0,0,0,0,0,0,0,Matches
442,Keylor Navas,GK,cr Costa Rica,35,1.fr PSG,1986,3,3,270,3,0,0,0,0,0,0,0,0,0,0,0,0,0,Matches
443,Iliman Ndiaye,"MF,FW",sn Senegal,22,2.eng Sheffield United,2000,3,2,135,1.5,0,1,1,0,0,0,0,0,0,0.67,0.67,0,0.67,Matches
444,Victor Nelsson,DF,dk Denmark,23,1.tr Galatasaray,1998,1,1,90,1,0,0,0,0,0,0,0,0,0,0,0,0,0,Matches
445,Manuel Neuer,GK,de Germany,36,1.de Bayern Munich,1986,3,3,270,3,0,0,0,0,0,0,0,0,0,0,0,0,0,Matches
446,Rúben Neves,MF,pt Portugal,25,1.eng Wolves,1997,5,4,268,3,0,0,0,0,0,0,1,0,0,0,0,0,0,Matches
447,Neymar,"MF,FW",br Brazil,30,1.fr PSG,1992,3,3,279,3.1,2,0,2,1,1,1,0,0,0.65,0,0.65,0.32,0.32,Matches
448,Moumi Ngamaleu,MF,cm Cameroon,27,1.ru Dynamo Moskva,1994,2,1,95,1.1,0,0,0,0,0,0,0,0,0,0,0,0,0,Matches
449,Jerome Ngom Mbekeli,MF,cm Cameroon,23,1.cm Colombe Sportive du Dja et Lobo,1998,1,0,5,0.1,0,0,0,0,0,0,0,0,0,0,0,0,0,Matches
450,Nicolas Nkoulou,DF,cm Cameroon,32,1.gr Aris,1990,2,2,180,2,0,1,1,0,0,0,1,0,0,0.5,0.5,0,0.5,Matches
Rk,Player,Pos,Squad,Age,Club,Born,MP,Starts,Min,90s,Gls,Ast,G+A,G-PK,PK,PKatt,CrdY,CrdR,Gls,Ast,G+A,G-PK,G+A-PK,Matches
451,Andries Noppert,GK,nl Netherlands,28,1.nl Heerenveen,1994,5,5,480,5.3,0,0,0,0,0,0,0,0,0,0,0,0,0,Matches
452,Ahmad Nourollahi,MF,ir IR Iran,29,1.ae Al-Ahli Dubai FC,1993,3,3,223,2.5,0,0,0,0,0,0,0,0,0,0,0,0,0,Matches
453,Olivier Ntcham,MF,cm Cameroon,26,2.eng Swansea City,1996,1,0,25,0.3,0,0,0,0,0,0,0,0,0,0,0,0,0,Matches
454,Matheus Nunes,MF,pt Portugal,23,1.eng Wolves,1998,2,1,73,0.8,0,0,0,0,0,0,0,0,0,0,0,0,0,Matches
455,Darwin Núñez,FW,uy Uruguay,22,1.eng Liverpool,1999,3,3,240,2.7,0,0,0,0,0,0,1,0,0,0,0,0,0,Matches
456,Christian Nørgaard,MF,dk Denmark,28,1.eng Brentford,1994,1,0,6,0.1,0,0,0,0,0,0,0,0,0,0,0,0,0,Matches
457,Guillermo Ochoa,GK,mx Mexico,36,1.mx América,1985,3,3,270,3,0,0,0,0,0,0,0,0,0,0,0,0,0,Matches
458,Denis Odoi,"DF,MF",gh Ghana,34,1.be Club Brugge,1988,1,0,13,0.1,0,0,0,0,0,0,0,0,0,0,0,0,0,Matches
459,Noah Okafor,"FW,MF",ch Switzerland,22,1.at RB Salzburg,2000,3,0,45,0.5,0,0,0,0,0,0,0,0,0,0,0,0,0,Matches
460,Mathías Olivera,"DF,MF",uy Uruguay,24,1.it Napoli,1997,3,3,253,2.8,0,0,0,0,0,0,1,0,0,0,0,0,0,Matches
461,Dani Olmo,FW,es Spain,24,1.de RB Leipzig,1998,4,4,367,4.1,1,1,2,1,0,0,0,0,0.25,0.25,0.49,0.25,0.49,Matches
462,Amadou Onana,MF,be Belgium,20,1.eng Everton,2001,2,1,104,1.2,0,0,0,0,0,0,2,0,0,0,0,0,0,Matches
463,André Onana,GK,cm Cameroon,26,1.it Inter,1996,1,1,80,0.9,0,0,0,0,0,0,0,0,0,0,0,0,0,Matches
464,Gaël Ondoua,MF,cm Cameroon,26,2.de Hannover 96,1995,2,0,47,0.5,0,0,0,0,0,0,0,0,0,0,0,0,0,Matches
465,Loïs Openda,FW,be Belgium,22,1.fr Lens,2000,1,0,13,0.1,0,0,0,0,0,0,0,0,0,0,0,0,0,Matches
466,Mislav Orši?,MF,hr Croatia,29,1.hr Dinamo Zagreb,1992,6,1,162,1.8,1,2,3,1,0,0,0,0,0.56,1.11,1.67,0.56,1.67,Matches
467,Jonathan Osorio,MF,ca Canada,30,1.us Toronto FC,1992,3,1,119,1.3,0,0,0,0,0,0,1,0,0,0,0,0,0,Matches
468,Nicolás Otamendi,DF,ar Argentina,34,1.pt Benfica,1988,7,7,690,7.7,0,1,1,0,0,0,2,0,0,0.13,0.13,0,0.13,Matches
469,Otávio,MF,pt Portugal,27,1.pt Porto,1995,3,3,196,2.2,0,0,0,0,0,0,0,0,0,0,0,0,0,Matches
470,Samuel Oum Gouet,MF,cm Cameroon,24,1.be Mechelen,1997,2,1,100,1.1,0,0,0,0,0,0,0,0,0,0,0,0,0,Matches
471,Azzedine Ounahi,MF,ma Morocco,22,1.fr Angers,2000,7,6,568,6.3,0,0,0,0,0,0,1,0,0,0,0,0,0,Matches
472,Bryan Oviedo,DF,cr Costa Rica,32,1.us Real Salt Lake,1990,3,3,260,2.9,0,0,0,0,0,0,0,0,0,0,0,0,0,Matches
473,Mohammed Al-Owais,GK,sa Saudi Arabia,30,1.sa Al-Hilal,1991,3,3,270,3,0,0,0,0,0,0,1,0,0,0,0,0,0,Matches
474,Juan Pablo Vargas,DF,cr Costa Rica,27,1.co Millonarios,1995,1,1,90,1,0,0,0,0,0,0,0,0,0,0,0,0,0,Matches
475,Exequiel Palacios,"DF,MF",ar Argentina,23,1.de Leverkusen,1998,3,0,50,0.6,0,0,0,0,0,0,0,0,0,0,0,0,0,Matches
Rk,Player,Pos,Squad,Age,Club,Born,MP,Starts,Min,90s,Gls,Ast,G+A,G-PK,PK,PKatt,CrdY,CrdR,Gls,Ast,G+A,G-PK,G+A-PK,Matches
476,João Palhinha,MF,pt Portugal,26,1.eng Fulham,1995,3,0,38,0.4,0,0,0,0,0,0,0,0,0,0,0,0,0,Matches
477,Lucas Paquetá,MF,br Brazil,24,1.eng West Ham,1997,4,4,314,3.5,1,1,2,1,0,0,0,0,0.29,0.29,0.57,0.29,0.57,Matches
478,Leandro Paredes,MF,ar Argentina,27,1.it Juventus,1994,5,2,225,2.5,0,0,0,0,0,0,2,0,0,0,0,0,0,Matches
479,Thomas Partey,MF,gh Ghana,29,1.eng Arsenal,1993,3,3,270,3,0,0,0,0,0,0,0,0,0,0,0,0,0,Matches
480,Mario Pašali?,FW,hr Croatia,27,1.it Atalanta,1995,7,2,271,3,0,0,0,0,0,0,0,0,0,0,0,0,0,Matches
481,Benjamin Pavard,DF,fr France,26,1.de Bayern Munich,1996,1,1,88,1,0,0,0,0,0,0,0,0,0,0,0,0,0,Matches
482,Strahinja Pavlovi?,DF,rs Serbia,21,1.at RB Salzburg,2001,3,3,235,2.6,1,0,1,1,0,0,2,0,0.38,0,0.38,0.38,0.38,Matches
483,Pedri,MF,es Spain,19,1.es Barcelona,2002,4,4,356,4,0,0,0,0,0,0,0,0,0,0,0,0,0,Matches
484,Pedro,FW,br Brazil,24,1.br Flamengo,1997,2,0,64,0.7,0,0,0,0,0,0,0,0,0,0,0,0,0,Matches
485,Facundo Pellistri,"MF,FW",uy Uruguay,20,1.eng Manchester Utd,2001,3,2,181,2,0,0,0,0,0,0,0,0,0,0,0,0,0,Matches
486,Pepe,DF,pt Portugal,39,1.pt Porto,1983,4,4,360,4,1,0,1,1,0,0,0,0,0.25,0,0.25,0.25,0.25,Matches
487,Danilo Pereira,DF,pt Portugal,30,1.fr PSG,1991,1,1,90,1,0,0,0,0,0,0,1,0,0,0,0,0,0,Matches
488,Ivan Periši?,"FW,MF",hr Croatia,33,1.eng Tottenham,1989,7,7,669,7.4,1,3,4,1,0,0,0,0,0.13,0.4,0.54,0.13,0.54,Matches
489,Bruno Petkovi?,FW,hr Croatia,27,1.hr Dinamo Zagreb,1994,6,1,234,2.6,1,0,1,1,0,0,1,0,0.38,0,0.38,0.38,0.38,Matches
490,Germán Pezzella,DF,ar Argentina,30,1.es Real Betis,1991,3,0,60,0.7,0,0,0,0,0,0,1,0,0,0,0,0,0,Matches
491,Kalvin Phillips,"DF,MF",eng England,26,1.eng Manchester City,1995,2,0,42,0.5,0,1,1,0,0,0,0,0,0,2.14,2.14,0,2.14,Matches
492,Krzysztof Pi?tek,FW,pl Poland,26,1.it Salernitana,1995,2,0,28,0.3,0,0,0,0,0,0,0,0,0,0,0,0,0,Matches
493,Jordan Pickford,GK,eng England,28,1.eng Everton,1994,5,5,450,5,0,0,0,0,0,0,0,0,0,0,0,0,0,Matches
494,Orbelín Pineda,MF,mx Mexico,26,1.gr AEK Athens,1996,1,1,76,0.8,0,0,0,0,0,0,0,0,0,0,0,0,0,Matches
495,Gonzalo Plata,"FW,MF",ec Ecuador,21,1.es Valladolid,2000,3,3,269,3,0,0,0,0,0,0,0,0,0,0,0,0,0,Matches
496,Jackson Porozo,DF,ec Ecuador,21,1.fr Troyes,2000,2,1,96,1.1,0,0,0,0,0,0,0,0,0,0,0,0,0,Matches
497,Morteza Pouraliganji,DF,ir IR Iran,30,1.ir Persepolis,1992,3,3,270,3,0,0,0,0,0,0,1,0,0,0,0,0,0,Matches
498,Ángelo Preciado,"DF,MF",ec Ecuador,24,1.be Genk,1998,3,3,264,2.9,0,1,1,0,0,0,0,0,0,0.34,0.34,0,0.34,Matches
499,Christian Pulisic,"FW,MF",us USA,23,1.eng Chelsea,1998,4,4,315,3.5,1,2,3,1,0,0,0,0,0.29,0.57,0.86,0.29,0.86,Matches
500,Adrien Rabiot,MF,fr France,27,1.it Juventus,1995,6,5,483,5.4,1,1,2,1,0,0,1,0,0.19,0.19,0.37,0.19,0.37,Matches
Rk,Player,Pos,Squad,Age,Club,Born,MP,Starts,Min,90s,Gls,Ast,G+A,G-PK,PK,PKatt,CrdY,CrdR,Gls,Ast,G+A,G-PK,G+A-PK,Matches
501,Nemanja Radonji?,"FW,MF",rs Serbia,26,1.it Torino,1996,3,0,60,0.7,0,0,0,0,0,0,0,0,0,0,0,0,0,Matches
502,Abdul Rahman Baba,"MF,DF",gh Ghana,27,2.eng Reading,1994,3,2,183,2,0,0,0,0,0,0,0,0,0,0,0,0,0,Matches
503,Gonçalo Ramos,FW,pt Portugal,20,1.pt Benfica,2001,4,2,152,1.7,3,1,4,3,0,0,0,0,1.78,0.59,2.37,1.78,2.37,Matches
504,Aaron Ramsey,MF,wls Wales,31,1.fr Nice,1990,3,3,266,3,0,0,0,0,0,0,1,0,0,0,0,0,0,Matches
505,Raphinha,"FW,MF",br Brazil,25,1.es Barcelona,1996,5,4,315,3.5,0,1,1,0,0,0,0,0,0,0.29,0.29,0,0.29,Matches
506,Marcus Rashford,MF,eng England,24,1.eng Manchester Utd,1997,5,1,140,1.6,3,0,3,3,0,0,0,0,1.93,0,1.93,1.93,1.93,Matches
507,David Raum,DF,de Germany,24,1.de RB Leipzig,1998,3,3,242,2.7,0,1,1,0,0,0,0,0,0,0.37,0.37,0,0.37,Matches
508,Bassam Al-Rawi,DF,qa Qatar,24,1.qa Al Duhail SC,1997,1,1,90,1,0,0,0,0,0,0,0,0,0,0,0,0,0,Matches
509,Tim Ream,DF,us USA,34,1.eng Fulham,1987,4,4,360,4,0,0,0,0,0,0,1,0,0,0,0,0,0,Matches
510,Djorkaeff Reasco,FW,ec Ecuador,23,1.ar Newell's,1999,1,0,27,0.3,0,0,0,0,0,0,0,0,0,0,0,0,0,Matches
511,Gio Reyna,MF,us USA,19,1.de Dortmund,2002,2,0,53,0.6,0,0,0,0,0,0,0,0,0,0,0,0,0,Matches
512,Ramin Rezaeian,DF,ir IR Iran,32,1.ir Sepahan,1990,2,2,180,2,1,0,1,1,0,0,1,0,0.5,0,0.5,0.5,0.5,Matches
513,Everton Ribeiro,MF,br Brazil,33,1.br Flamengo,1989,1,0,36,0.4,0,0,0,0,0,0,0,0,0,0,0,0,0,Matches
514,Declan Rice,MF,eng England,23,1.eng West Ham,1999,5,5,417,4.6,0,0,0,0,0,0,0,0,0,0,0,0,0,Matches
515,Richarlison,FW,br Brazil,25,1.eng Tottenham,1997,4,4,323,3.6,3,0,3,3,0,0,0,0,0.84,0,0.84,0.84,0.84,Matches
516,Fabian Rieder,MF,ch Switzerland,20,1.ch Young Boys,2002,2,1,68,0.8,0,0,0,0,0,0,1,0,0,0,0,0,0,Matches
517,Ró-Ró,"DF,MF",qa Qatar,31,1.qa Al Sadd,1990,3,3,262,2.9,0,0,0,0,0,0,0,0,0,0,0,0,0,Matches
518,Connor Roberts,"MF,DF",wls Wales,26,2.eng Burnley,1995,3,2,200,2.2,0,0,0,0,0,0,0,0,0,0,0,0,0,Matches
519,Antonee Robinson,DF,us USA,24,1.eng Fulham,1997,4,4,359,4,0,0,0,0,0,0,0,0,0,0,0,0,0,Matches
520,Sergio Rochet,GK,uy Uruguay,29,1.uy Nacional,1993,3,3,270,3,0,0,0,0,0,0,0,0,0,0,0,0,0,Matches
521,Joe Rodon,DF,wls Wales,24,1.fr Rennes,1997,3,3,270,3,0,0,0,0,0,0,1,0,0,0,0,0,0,Matches
522,Rodri,DF,es Spain,25,1.eng Manchester City,1996,4,4,390,4.3,0,0,0,0,0,0,0,0,0,0,0,0,0,Matches
523,Charly Rodríguez,MF,mx Mexico,25,1.mx Cruz Azul,1997,2,0,34,0.4,0,0,0,0,0,0,0,0,0,0,0,0,0,Matches
524,Guido Rodríguez,MF,ar Argentina,28,1.es Real Betis,1994,1,1,56,0.6,0,0,0,0,0,0,0,0,0,0,0,0,0,Matches
525,Kevin Rodríguez,FW,ec Ecuador,22,,2000,2,0,2,0,0,0,0,0,0,0,0,0,0,0,0,0,0,Matches
Rk,Player,Pos,Squad,Age,Club,Born,MP,Starts,Min,90s,Gls,Ast,G+A,G-PK,PK,PKatt,CrdY,CrdR,Gls,Ast,G+A,G-PK,G+A-PK,Matches
526,Ricardo Rodríguez,DF,ch Switzerland,29,1.it Torino,1992,4,4,359,4,0,0,0,0,0,0,0,0,0,0,0,0,0,Matches
527,Rodrygo,MF,br Brazil,21,1.es Real Madrid,2001,5,1,181,2,0,1,1,0,0,0,0,0,0,0.5,0.5,0,0.5,Matches
528,Mohamed Ali Ben Romdhane,FW,tn Tunisia,22,1.tn Espérance Tunis,1999,1,1,73,0.8,0,0,0,0,0,0,0,0,0,0,0,0,0,Matches
529,Cristian Romero,DF,ar Argentina,24,1.eng Tottenham,1998,7,6,547,6.1,0,0,0,0,0,0,2,0,0,0,0,0,0,Matches
530,Cristiano Ronaldo,FW,pt Portugal,37,1.eng Manchester Utd,1985,5,3,290,3.2,1,0,1,0,1,1,0,0,0.31,0,0.31,0,0,Matches
531,Marten de Roon,MF,nl Netherlands,31,1.it Atalanta,1991,5,3,184,2,0,0,0,0,0,0,0,0,0,0,0,0,0,Matches
532,Kye Rowles,DF,au Australia,23,1.sct Hearts,1998,4,4,360,4,0,0,0,0,0,0,0,0,0,0,0,0,0,Matches
533,Antonio Rüdiger,DF,de Germany,29,1.es Real Madrid,1993,3,3,270,3,0,0,0,0,0,0,0,0,0,0,0,0,0,Matches
534,Bryan Ruiz,"FW,MF",cr Costa Rica,36,1.cr Alajuelense,1985,1,0,30,0.3,0,0,0,0,0,0,0,0,0,0,0,0,0,Matches
535,Mathew Ryan,GK,au Australia,30,1.dk FC Copenhagen,1992,4,4,360,4,0,0,0,0,0,0,0,0,0,0,0,0,0,Matches
536,Youssouf Sabaly,DF,sn Senegal,29,1.es Real Betis,1993,4,4,360,4,0,0,0,0,0,0,0,0,0,0,0,0,0,Matches
537,Abdelhamid Sabiri,MF,ma Morocco,25,1.it Sampdoria,1996,5,2,181,2,0,1,1,0,0,0,1,0,0,0.5,0.5,0,0.5,Matches
538,Romain Saïss,DF,ma Morocco,32,1.tr Be?ikta?,1990,6,6,466,5.2,1,0,1,1,0,0,1,0,0.19,0,0.19,0.19,0.19,Matches
539,Bukayo Saka,"FW,MF",eng England,20,1.eng Arsenal,2001,4,4,288,3.2,3,0,3,3,0,0,0,0,0.94,0,0.94,0.94,0.94,Matches
540,Hiroki Sakai,DF,jp Japan,32,1.jp Urawa Reds,1990,2,1,119,1.3,0,0,0,0,0,0,0,0,0,0,0,0,0,Matches
541,Youstin Salas,DF,cr Costa Rica,25,1.cr Saprissa,1996,2,0,47,0.5,0,0,0,0,0,0,0,0,0,0,0,0,0,Matches
542,William Saliba,DF,fr France,21,1.eng Arsenal,2001,1,0,28,0.3,0,0,0,0,0,0,0,0,0,0,0,0,0,Matches
543,Mohammed Salisu,DF,gh Ghana,23,1.eng Southampton,1999,3,3,270,3,1,0,1,1,0,0,0,0,0.33,0,0.33,0.33,0.33,Matches
544,Tarek Salman,"DF,MF",qa Qatar,24,1.qa Al Sadd,1997,1,0,8,0.1,0,0,0,0,0,0,0,0,0,0,0,0,0,Matches
545,Jorge Sánchez,DF,mx Mexico,24,1.nl Ajax,1997,2,2,175,1.9,0,0,0,0,0,0,1,0,0,0,0,0,0,Matches
546,Alex Sandro,DF,br Brazil,31,1.it Juventus,1991,3,2,190,2.1,0,0,0,0,0,0,0,0,0,0,0,0,0,Matches
547,Leroy Sané,MF,de Germany,26,1.de Bayern Munich,1996,2,1,111,1.2,0,1,1,0,0,0,0,0,0,0.81,0.81,0,0.81,Matches
548,Na Sang-ho,MF,kr Korea Republic,25,1.kr FC Seoul,1996,2,1,119,1.3,0,0,0,0,0,0,0,0,0,0,0,0,0,Matches
549,Pablo Sarabia,"FW,MF",es Spain,30,1.fr PSG,1992,1,0,3,0,0,0,0,0,0,0,0,0,0,0,0,0,0,Matches
550,Josh Sargent,FW,us USA,22,2.eng Norwich City,2000,3,2,157,1.7,0,0,0,0,0,0,0,0,0,0,0,0,0,Matches
Rk,Player,Pos,Squad,Age,Club,Born,MP,Starts,Min,90s,Gls,Ast,G+A,G-PK,PK,PKatt,CrdY,CrdR,Gls,Ast,G+A,G-PK,G+A-PK,Matches
551,Jeremy Sarmiento,MF,ec Ecuador,19,1.eng Brighton,2002,3,0,85,0.9,0,0,0,0,0,0,0,0,0,0,0,0,0,Matches
552,Ismaila Sarr,"MF,FW",sn Senegal,24,2.eng Watford,1998,4,4,344,3.8,1,0,1,0,1,1,0,0,0.26,0,0.26,0,0,Matches
553,Ferjani Sassi,"DF,MF",tn Tunisia,30,1.qa Al Duhail SC,1992,2,0,48,0.5,0,0,0,0,0,0,1,0,0,0,0,0,0,Matches
554,Fabian Schär,DF,ch Switzerland,30,1.eng Newcastle,1991,2,2,135,1.5,0,0,0,0,0,0,2,0,0,0,0,0,0,Matches
555,Nico Schlotterbeck,DF,de Germany,22,1.de Dortmund,1999,2,1,94,1,0,0,0,0,0,0,0,0,0,0,0,0,0,Matches
556,Kasper Schmeichel,GK,dk Denmark,35,1.fr Nice,1986,3,3,270,3,0,0,0,0,0,0,0,0,0,0,0,0,0,Matches
557,Haris Seferovi?,FW,ch Switzerland,30,1.tr Galatasaray,1992,3,0,71,0.8,0,0,0,0,0,0,0,0,0,0,0,0,0,Matches
558,Alidu Seidu,"MF,DF",gh Ghana,22,1.fr Clermont Foot,2000,2,2,155,1.7,0,0,0,0,0,0,2,0,0,0,0,0,0,Matches
559,Antoine Semenyo,"FW,MF",gh Ghana,22,2.eng Bristol City,2000,2,0,20,0.2,0,0,0,0,0,0,0,0,0,0,0,0,0,Matches
560,Kim Seung-gyu,GK,kr Korea Republic,31,1.sa Al-Shabab,1990,4,4,360,4,0,0,0,0,0,0,0,0,0,0,0,0,0,Matches
561,Paik Seung-ho,MF,kr Korea Republic,25,1.kr Jeonbuk,1997,1,0,26,0.3,1,0,1,1,0,0,0,0,3.46,0,3.46,3.46,3.46,Matches
562,Yasser Al-Shahrani,DF,sa Saudi Arabia,30,1.sa Al-Hilal,1992,1,1,89,1,0,0,0,0,0,0,0,0,0,0,0,0,0,Matches
563,Xherdan Shaqiri,"FW,MF",ch Switzerland,30,1.us Chicago Fire,1991,3,3,229,2.5,1,1,2,1,0,0,0,0,0.39,0.39,0.79,0.39,0.79,Matches
564,Riyadh Sharahili,MF,sa Saudi Arabia,29,1.sa Abha,1993,1,0,54,0.6,0,0,0,0,0,0,0,0,0,0,0,0,0,Matches
565,Luke Shaw,DF,eng England,26,1.eng Manchester Utd,1995,5,5,424,4.7,0,1,1,0,0,0,0,0,0,0.21,0.21,0,0.21,Matches
566,Saad Al Sheeb,GK,qa Qatar,32,1.qa Al Sadd,1990,1,1,90,1,0,0,0,0,0,0,1,0,0,0,0,0,0,Matches
567,Saleh Al-Shehri,FW,sa Saudi Arabia,28,1.sa Al-Hilal,1993,3,3,223,2.5,1,0,1,1,0,0,1,0,0.4,0,0.4,0.4,0.4,Matches
568,André Silva,FW,pt Portugal,26,1.de RB Leipzig,1995,1,0,26,0.3,0,0,0,0,0,0,0,0,0,0,0,0,0,Matches
569,António Silva,DF,pt Portugal,18,1.pt Benfica,2003,1,1,90,1,0,0,0,0,0,0,0,0,0,0,0,0,0,Matches
570,Bernardo Silva,MF,pt Portugal,27,1.eng Manchester City,1994,5,4,356,4,0,0,0,0,0,0,0,0,0,0,0,0,0,Matches
571,Thiago Silva,DF,br Brazil,37,1.eng Chelsea,1984,4,4,390,4.3,0,1,1,0,0,0,0,0,0,0.23,0.23,0,0.23,Matches
572,Unai Simón,GK,es Spain,25,1.es Athletic Club,1997,4,4,390,4.3,0,0,0,0,0,0,0,0,0,0,0,0,0,Matches
573,Xavi Simons,"FW,MF",nl Netherlands,19,1.nl PSV,2003,1,0,9,0.1,0,0,0,0,0,0,0,0,0,0,0,0,0,Matches
574,Ellyes Skhiri,MF,tn Tunisia,27,1.de Köln,1995,3,3,270,3,0,0,0,0,0,0,0,0,0,0,0,0,0,Matches
575,Micha? Skóra?,MF,pl Poland,22,1.pl Lech Pozna?,2000,1,0,45,0.5,0,0,0,0,0,0,0,0,0,0,0,0,0,Matches
Rk,Player,Pos,Squad,Age,Club,Born,MP,Starts,Min,90s,Gls,Ast,G+A,G-PK,PK,PKatt,CrdY,CrdR,Gls,Ast,G+A,G-PK,G+A-PK,Matches
576,Andreas Skov Olsen,FW,dk Denmark,22,1.be Club Brugge,1999,2,2,132,1.5,0,0,0,0,0,0,0,0,0,0,0,0,0,Matches
577,Robert Skov,"FW,MF",dk Denmark,26,1.de Hoffenheim,1996,1,0,22,0.2,0,0,0,0,0,0,1,0,0,0,0,0,0,Matches
578,Naïm Sliti,FW,tn Tunisia,29,1.sa Al-Ettifaq,1992,2,1,114,1.3,0,0,0,0,0,0,0,0,0,0,0,0,0,Matches
579,Carlos Soler,MF,es Spain,25,1.fr PSG,1997,2,0,92,1,1,0,1,1,0,0,0,0,0.98,0,0.98,0.98,0.98,Matches
580,Yuki Soma,MF,jp Japan,25,1.jp Grampus,1997,1,1,81,0.9,0,0,0,0,0,0,0,0,0,0,0,0,0,Matches
581,Yann Sommer,GK,ch Switzerland,33,1.de Gladbach,1988,3,3,270,3,0,0,0,0,0,0,0,0,0,0,0,0,0,Matches
582,Borna Sosa,DF,hr Croatia,24,1.de Stuttgart,1998,5,5,424,4.7,0,0,0,0,0,0,0,0,0,0,0,0,0,Matches
583,Harry Souttar,DF,au Australia,23,2.eng Stoke City,1998,4,4,360,4,0,0,0,0,0,0,0,0,0,0,0,0,0,Matches
584,Djibril Sow,MF,ch Switzerland,25,1.de Frankfurt,1997,4,4,264,2.9,0,1,1,0,0,0,0,0,0,0.34,0.34,0,0.34,Matches
585,Josip Staniši?,DF,hr Croatia,22,1.de Bayern Munich,2000,1,1,90,1,0,0,0,0,0,0,0,0,0,0,0,0,0,Matches
586,Renato Steffen,"FW,MF",ch Switzerland,30,1.ch Lugano,1991,1,0,32,0.4,0,0,0,0,0,0,0,0,0,0,0,0,0,Matches
587,Raheem Sterling,"MF,FW",eng England,27,1.eng Chelsea,1994,3,2,149,1.7,1,1,2,1,0,0,0,0,0.6,0.6,1.21,0.6,1.21,Matches
588,John Stones,DF,eng England,28,1.eng Manchester City,1994,5,5,434,4.8,0,0,0,0,0,0,0,0,0,0,0,0,0,Matches
589,Luis Suárez,FW,uy Uruguay,35,1.uy Nacional,1987,3,2,146,1.6,0,1,1,0,0,0,1,0,0,0.62,0.62,0,0.62,Matches
590,Niklas Süle,DF,de Germany,26,1.de Dortmund,1995,3,3,269,3,0,0,0,0,0,0,0,0,0,0,0,0,0,Matches
591,Kamaldeen Sulemana,"FW,MF",gh Ghana,20,1.fr Rennes,2002,2,0,58,0.6,0,0,0,0,0,0,1,0,0,0,0,0,0,Matches
592,Josip Šutalo,DF,hr Croatia,22,1.hr Dinamo Zagreb,2000,1,1,90,1,0,0,0,0,0,0,0,0,0,0,0,0,0,Matches
593,Karol ?widerski,MF,pl Poland,25,1.us Charlotte,1997,1,1,45,0.5,0,0,0,0,0,0,0,0,0,0,0,0,0,Matches
594,Wojciech Szcz?sny,GK,pl Poland,32,1.it Juventus,1990,4,4,360,4,0,0,0,0,0,0,0,0,0,0,0,0,0,Matches
595,Damian Szyma?ski,MF,pl Poland,26,1.gr AEK Athens,1995,1,0,29,0.3,0,0,0,0,0,0,0,0,0,0,0,0,0,Matches
596,Sebastian Szyma?ski,MF,pl Poland,23,1.nl Feyenoord,1999,2,2,134,1.5,0,0,0,0,0,0,0,0,0,0,0,0,0,Matches
597,Dušan Tadi?,"MF,FW",rs Serbia,33,1.nl Ajax,1988,3,3,257,2.9,0,2,2,0,0,0,0,0,0,0.7,0.7,0,0.7,Matches
598,Nicolás Tagliafico,DF,ar Argentina,29,1.fr Lyon,1992,6,3,373,4.1,0,0,0,0,0,0,0,0,0,0,0,0,0,Matches
599,Montassar Talbi,DF,tn Tunisia,24,1.fr Lorient,1998,3,3,270,3,0,0,0,0,0,0,0,0,0,0,0,0,0,Matches
600,Hassan Al Tambakti,DF,sa Saudi Arabia,23,1.sa Al-Shabab,1999,2,2,180,2,0,0,0,0,0,0,1,0,0,0,0,0,0,Matches
Rk,Player,Pos,Squad,Age,Club,Born,MP,Starts,Min,90s,Gls,Ast,G+A,G-PK,PK,PKatt,CrdY,CrdR,Gls,Ast,G+A,G-PK,G+A-PK,Matches
601,Ao Tanaka,MF,jp Japan,23,2.de Düsseldorf,1998,3,2,171,1.9,1,0,1,1,0,0,0,0,0.53,0,0.53,0.53,0.53,Matches
602,Shogo Taniguchi,DF,jp Japan,30,1.jp Kawasaki F.,1991,2,2,210,2.3,0,0,0,0,0,0,1,0,0,0,0,0,0,Matches
603,Mehdi Taremi,"FW,MF",ir IR Iran,29,1.pt Porto,1992,3,3,270,3,2,1,3,1,1,1,0,0,0.67,0.33,1,0.33,0.67,Matches
604,Kenneth Taylor,MF,nl Netherlands,20,1.nl Ajax,2002,1,0,5,0.1,0,0,0,0,0,0,0,0,0,0,0,0,0,Matches
605,Aurélien Tchouaméni,MF,fr France,22,1.es Real Madrid,2000,7,7,621,6.9,1,0,1,1,0,0,1,0,0.14,0,0.14,0.14,0.14,Matches
606,Yeltsin Tejeda,MF,cr Costa Rica,30,1.cr Herediano,1992,3,3,269,3,1,1,2,1,0,0,0,0,0.33,0.33,0.67,0.33,0.67,Matches
607,Alex Telles,DF,br Brazil,29,1.es Sevilla,1992,2,1,59,0.7,0,0,0,0,0,0,0,0,0,0,0,0,0,Matches
608,Sorba Thomas,"FW,MF",wls Wales,22,2.eng Huddersfield,1999,1,0,1,0,0,0,0,0,0,0,0,0,0,0,0,0,0,Matches
609,Marcus Thuram,"FW,MF",fr France,24,1.de Gladbach,1997,5,0,151,1.7,0,2,2,0,0,0,1,0,0,1.19,1.19,0,1.19,Matches
610,Youri Tielemans,MF,be Belgium,25,1.eng Leicester City,1997,3,1,95,1.1,0,0,0,0,0,0,0,0,0,0,0,0,0,Matches
611,Jurriën Timber,DF,nl Netherlands,20,1.nl Ajax,2001,4,4,390,4.3,0,0,0,0,0,0,1,0,0,0,0,0,0,Matches
612,Karl Toko Ekambi,FW,cm Cameroon,29,1.fr Lyon,1992,3,2,166,1.8,0,0,0,0,0,0,0,0,0,0,0,0,0,Matches
613,Nouhou Tolo,DF,cm Cameroon,24,1.us Seattle Sounders,1997,3,3,270,3,0,0,0,0,0,0,1,0,0,0,0,0,0,Matches
614,Takehiro Tomiyasu,DF,jp Japan,23,1.eng Arsenal,1998,3,1,187,2.1,0,0,0,0,0,0,0,0,0,0,0,0,0,Matches
615,Mehdi Torabi,MF,ir IR Iran,27,1.ir Persepolis,1994,3,0,62,0.7,0,0,0,0,0,0,0,0,0,0,0,0,0,Matches
616,Félix Torres Caicedo,DF,ec Ecuador,25,1.mx Santos Laguna,1997,3,3,270,3,0,1,1,0,0,0,0,0,0,0.33,0.33,0,0.33,Matches
617,Ferran Torres,FW,es Spain,22,1.es Barcelona,2000,4,3,217,2.4,2,0,2,1,1,1,0,0,0.83,0,0.83,0.41,0.41,Matches
618,Gerson Torres,MF,cr Costa Rica,24,1.cr Herediano,1997,1,1,64,0.7,0,0,0,0,0,0,0,0,0,0,0,0,0,Matches
619,Pau Torres,DF,es Spain,25,1.es Villarreal,1997,1,1,90,1,0,0,0,0,0,0,0,0,0,0,0,0,0,Matches
620,Kieran Trippier,DF,eng England,31,1.eng Newcastle,1990,3,2,206,2.3,0,0,0,0,0,0,0,0,0,0,0,0,0,Matches
621,Leandro Trossard,FW,be Belgium,27,1.eng Brighton,1994,3,1,103,1.1,0,0,0,0,0,0,0,0,0,0,0,0,0,Matches
622,Matt Turner,GK,us USA,27,1.eng Arsenal,1994,4,4,360,4,0,0,0,0,0,0,0,0,0,0,0,0,0,Matches
623,Ayase Ueda,FW,jp Japan,23,1.be Cercle Brugge,1998,1,1,45,0.5,0,0,0,0,0,0,0,0,0,0,0,0,0,Matches
624,Hwang Ui-jo,FW,kr Korea Republic,29,1.gr Olympiacos,1992,4,1,106,1.2,0,0,0,0,0,0,0,0,0,0,0,0,0,Matches
625,Dayot Upamecano,DF,fr France,23,1.de Bayern Munich,1998,5,5,480,5.3,0,0,0,0,0,0,0,0,0,0,0,0,0,Matches
Rk,Player,Pos,Squad,Age,Club,Born,MP,Starts,Min,90s,Gls,Ast,G+A,G-PK,PK,PKatt,CrdY,CrdR,Gls,Ast,G+A,G-PK,G+A-PK,Matches
626,Enner Valencia,FW,ec Ecuador,32,1.tr Fenerbahçe,1989,3,3,255,2.8,3,0,3,2,1,1,0,0,1.06,0,1.06,0.71,0.71,Matches
627,Federico Valverde,MF,uy Uruguay,23,1.es Real Madrid,1998,3,3,270,3,0,0,0,0,0,0,0,0,0,0,0,0,0,Matches
628,Virgil van Dijk,DF,nl Netherlands,30,1.eng Liverpool,1991,5,5,480,5.3,0,0,0,0,0,0,0,0,0,0,0,0,0,Matches
629,Raphaël Varane,DF,fr France,29,1.eng Manchester Utd,1993,6,6,518,5.8,0,0,0,0,0,0,0,0,0,0,0,0,0,Matches
630,Guillermo Varela,"MF,DF",uy Uruguay,29,1.br Flamengo,1993,3,2,183,2,0,0,0,0,0,0,0,0,0,0,0,0,0,Matches
631,Ruben Vargas,"MF,FW",ch Switzerland,23,1.de Augsburg,1998,4,4,285,3.2,0,1,1,0,0,0,1,0,0,0.32,0.32,0,0.32,Matches
632,Matías Vecino,MF,uy Uruguay,30,1.it Lazio,1991,3,2,195,2.2,0,0,0,0,0,0,0,0,0,0,0,0,0,Matches
633,Alexis Vega,"FW,MF",mx Mexico,24,1.mx Guadalajara,1997,3,3,193,2.1,0,0,0,0,0,0,0,0,0,0,0,0,0,Matches
634,Miloš Veljkovi?,DF,rs Serbia,26,1.de Werder Bremen,1995,3,3,221,2.5,0,0,0,0,0,0,0,0,0,0,0,0,0,Matches
635,Johan Venegas,FW,cr Costa Rica,33,1.cr Alajuelense,1988,1,1,73,0.8,0,0,0,0,0,0,0,0,0,0,0,0,0,Matches
636,Jordan Veretout,MF,fr France,29,1.fr Marseille,1993,1,1,62,0.7,0,0,0,0,0,0,0,0,0,0,0,0,0,Matches
637,Jan Vertonghen,DF,be Belgium,35,1.be Anderlecht,1987,3,3,270,3,0,0,0,0,0,0,0,0,0,0,0,0,0,Matches
638,Matías Viña,"DF,MF",uy Uruguay,24,1.it Roma,1997,2,0,17,0.2,0,0,0,0,0,0,0,0,0,0,0,0,0,Matches
639,Vitinha,FW,pt Portugal,22,1.fr PSG,2000,3,1,120,1.3,0,0,0,0,0,0,1,0,0,0,0,0,0,Matches
640,Steven Vitória,DF,ca Canada,35,1.pt Chaves,1987,3,3,270,3,0,0,0,0,0,0,1,0,0,0,0,0,0,Matches
641,Dušan Vlahovi?,FW,rs Serbia,22,1.it Juventus,2000,2,1,79,0.9,1,0,1,1,0,0,0,0,1.14,0,1.14,1.14,1.14,Matches
642,Nikola Vlaši?,FW,hr Croatia,24,1.it Torino,1997,6,1,209,2.3,0,0,0,0,0,0,0,0,0,0,0,0,0,Matches
643,Mohammed Waad,MF,qa Qatar,22,1.qa Al Sadd,1999,2,0,28,0.3,0,0,0,0,0,0,0,0,0,0,0,0,0,Matches
644,Kyle Walker,DF,eng England,32,1.eng Manchester City,1990,3,3,236,2.6,0,0,0,0,0,0,0,0,0,0,0,0,0,Matches
645,Danny Ward,GK,wls Wales,28,1.eng Leicester City,1993,2,1,94,1,0,0,0,0,0,0,0,0,0,0,0,0,0,Matches
646,Kendall Waston,DF,cr Costa Rica,34,1.cr Saprissa,1988,3,2,225,2.5,0,0,0,0,0,0,0,0,0,0,0,0,0,Matches
647,Timothy Weah,FW,us USA,22,1.fr Lille,2000,4,4,316,3.5,1,0,1,1,0,0,0,0,0.28,0,0.28,0.28,0.28,Matches
648,Wout Weghorst,FW,nl Netherlands,29,1.tr Be?ikta?,1992,4,0,64,0.7,2,0,2,2,0,0,1,0,2.81,0,2.81,2.81,2.81,Matches
649,Wéverton,GK,br Brazil,34,1.br Palmeiras,1987,1,0,11,0.1,0,0,0,0,0,0,0,0,0,0,0,0,0,Matches
650,Silvan Widmer,DF,ch Switzerland,29,1.de Mainz 05,1993,3,3,265,2.9,0,1,1,0,0,0,1,0,0,0.34,0.34,0,0.34,Matches
Rk,Player,Pos,Squad,Age,Club,Born,MP,Starts,Min,90s,Gls,Ast,G+A,G-PK,PK,PKatt,CrdY,CrdR,Gls,Ast,G+A,G-PK,G+A-PK,Matches
651,Iñaki Williams,"FW,MF",gh Ghana,27,1.es Athletic Club,1994,3,3,270,3,0,0,0,0,0,0,0,0,0,0,0,0,0,Matches
652,Neco Williams,"DF,MF",wls Wales,21,1.eng Nottingham,2001,3,3,204,2.3,0,0,0,0,0,0,0,0,0,0,0,0,0,Matches
653,Nico Williams,FW,es Spain,19,1.es Athletic Club,2002,4,1,146,1.6,0,0,0,0,0,0,0,0,0,0,0,0,0,Matches
654,Callum Wilson,FW,eng England,30,1.eng Newcastle,1992,2,0,48,0.5,0,1,1,0,0,0,0,0,0,1.87,1.87,0,1.87,Matches
655,Harry Wilson,MF,wls Wales,25,1.eng Fulham,1997,3,2,160,1.8,0,0,0,0,0,0,0,0,0,0,0,0,0,Matches
656,Roan Wilson,FW,cr Costa Rica,20,1.cr Municipal Grecia,2002,1,0,1,0,0,0,0,0,0,0,0,0,0,0,0,0,0,Matches
657,Axel Witsel,MF,be Belgium,33,1.es Atlético Madrid,1989,3,3,270,3,0,0,0,0,0,0,0,0,0,0,0,0,0,Matches
658,Jeong Woo-yeong,MF,kr Korea Republic,22,1.de Freiburg,1999,1,1,45,0.5,0,0,0,0,0,0,0,0,0,0,0,0,0,Matches
659,Jung Woo-young,MF,kr Korea Republic,32,1.qa Al Sadd,1989,4,4,303,3.4,0,0,0,0,0,0,2,0,0,0,0,0,0,Matches
660,Christopher Wooh,DF,cm Cameroon,20,1.fr Rennes,2001,1,1,90,1,0,0,0,0,0,0,0,0,0,0,0,0,0,Matches
661,David Wotherspoon,MF,ca Canada,32,1.sct St Johnstone,1990,1,0,15,0.2,0,0,0,0,0,0,0,0,0,0,0,0,0,Matches
662,Bailey Wright,DF,au Australia,29,2.eng Sunderland,1992,1,0,17,0.2,0,0,0,0,0,0,0,0,0,0,0,0,0,Matches
663,Haji Wright,FW,us USA,24,1.tr Antalyaspor,1998,4,1,137,1.5,1,0,1,1,0,0,0,0,0.66,0,0.66,0.66,0.66,Matches
664,Granit Xhaka,MF,ch Switzerland,29,1.eng Arsenal,1992,4,4,360,4,0,0,0,0,0,0,1,0,0,0,0,0,0,Matches
665,Miki Yamane,DF,jp Japan,28,1.jp Kawasaki F.,1993,1,1,61,0.7,0,0,0,0,0,0,1,0,0,0,0,0,0,Matches
666,Jawad El Yamiq,DF,ma Morocco,30,1.es Valladolid,1992,6,3,309,3.4,0,0,0,0,0,0,0,0,0,0,0,0,0,Matches
667,Taha Yassine Khenissi,FW,tn Tunisia,30,1.kw Kuwait SC,1992,2,0,29,0.3,0,0,0,0,0,0,1,0,0,0,0,0,0,Matches
668,DeAndre Yedlin,"DF,MF",us USA,28,1.us Inter Miami,1993,2,0,33,0.4,0,0,0,0,0,0,0,0,0,0,0,0,0,Matches
669,Maya Yoshida,DF,jp Japan,33,1.de Schalke 04,1988,4,4,390,4.3,0,1,1,0,0,0,1,0,0,0.23,0.23,0,0.23,Matches
670,Kim Young-gwon,DF,kr Korea Republic,32,1.kr Ulsan Hyundai,1990,4,4,350,3.9,1,0,1,1,0,0,1,0,0.26,0,0.26,0.26,0.26,Matches
671,Cho Yu-min,DF,kr Korea Republic,25,2.kr Daejeon Hana,1996,1,0,1,0,0,0,0,0,0,0,0,0,0,0,0,0,0,Matches
672,Denis Zakaria,"DF,MF",ch Switzerland,25,1.eng Chelsea,1996,2,0,59,0.7,0,0,0,0,0,0,0,0,0,0,0,0,0,Matches
673,Nicola Zalewski,MF,pl Poland,20,1.it Roma,2002,2,1,65,0.7,0,0,0,0,0,0,0,0,0,0,0,0,0,Matches
674,Álvaro Zamora,FW,cr Costa Rica,20,1.cr Saprissa,2002,1,0,30,0.3,0,0,0,0,0,0,0,0,0,0,0,0,0,Matches
675,Anass Zaroury,"FW,MF",ma Morocco,21,2.eng Burnley,2000,1,0,27,0.3,0,0,0,0,0,0,0,0,0,0,0,0,0,Matches
Rk,Player,Pos,Squad,Age,Club,Born,MP,Starts,Min,90s,Gls,Ast,G+A,G-PK,PK,PKatt,CrdY,CrdR,Gls,Ast,G+A,G-PK,G+A-PK,Matches
676,Piotr Zieli?ski,MF,pl Poland,28,1.it Napoli,1994,4,4,328,3.6,1,0,1,1,0,0,0,0,0.27,0,0.27,0.27,0.27,Matches
677,Walker Zimmerman,DF,us USA,29,1.us Nashville SC,1993,4,3,279,3.1,0,0,0,0,0,0,0,0,0,0,0,0,0,Matches
678,Andrija Živkovi?,MF,rs Serbia,25,1.gr PAOK,1996,3,3,210,2.3,0,2,2,0,0,0,0,0,0,0.86,0.86,0,0.86,Matches
679,Hakim Ziyech,"FW,MF",ma Morocco,29,1.eng Chelsea,1993,7,7,635,7.1,1,1,2,1,0,0,0,0,0.14,0.14,0.28,0.14,0.28,Matches
680,Filip ?uri?i?,"FW,MF",rs Serbia,30,1.it Sampdoria,1992,2,0,14,0.2,0,0,0,0,0,0,0,0,0,0,0,0,0,
